-- phpMyAdmin SQL Dump
-- version 4.8.0.1
-- https://www.phpmyadmin.net/
--
-- Host: 127.0.0.1
-- Generation Time: Jun 11, 2018 at 11:46 AM
-- Server version: 10.1.32-MariaDB
-- PHP Version: 7.2.5

SET SQL_MODE = "NO_AUTO_VALUE_ON_ZERO";
SET AUTOCOMMIT = 0;
START TRANSACTION;
SET time_zone = "+00:00";


/*!40101 SET @OLD_CHARACTER_SET_CLIENT=@@CHARACTER_SET_CLIENT */;
/*!40101 SET @OLD_CHARACTER_SET_RESULTS=@@CHARACTER_SET_RESULTS */;
/*!40101 SET @OLD_COLLATION_CONNECTION=@@COLLATION_CONNECTION */;
/*!40101 SET NAMES utf8mb4 */;

--
-- Database: `alborz`
--
CREATE DATABASE IF NOT EXISTS `alborz` DEFAULT CHARACTER SET utf8mb4 COLLATE utf8mb4_bin;
USE `alborz`;

-- --------------------------------------------------------

--
-- Table structure for table `admin`
--

CREATE TABLE `admin` (
  `username` varchar(50) CHARACTER SET utf8 COLLATE utf8_unicode_ci NOT NULL,
  `password` varchar(255) CHARACTER SET utf8 COLLATE utf8_unicode_ci NOT NULL
) ENGINE=InnoDB DEFAULT CHARSET=utf8mb4 COLLATE=utf8mb4_bin;

--
-- Dumping data for table `admin`
--

INSERT INTO `admin` (`username`, `password`) VALUES
('base_admin', '$2y$10$VghFuQM12mydDiH/OdaehuroxIV/IYuirWYWSn0g0KqqSAnIjiSGW');

-- --------------------------------------------------------

--
-- Table structure for table `column_title`
--

CREATE TABLE `column_title` (
  `id` int(11) NOT NULL,
  `name` varchar(50) COLLATE utf8_unicode_ci DEFAULT NULL,
  `created_date` timestamp NULL DEFAULT NULL,
  `modified_date` timestamp NOT NULL DEFAULT CURRENT_TIMESTAMP ON UPDATE CURRENT_TIMESTAMP
) ENGINE=InnoDB DEFAULT CHARSET=utf8 COLLATE=utf8_unicode_ci;

--
-- Dumping data for table `column_title`
--

INSERT INTO `column_title` (`id`, `name`, `created_date`, `modified_date`) VALUES
(1, 'مقدار / تعداد فصل پاییز 96', '2018-04-18 09:35:42', '2018-06-09 05:44:55'),
(2, 'مقدار/تعداد فصل تابستان 96', '2018-04-18 09:35:42', '2018-04-18 09:35:42'),
(3, 'مقدار/تعداد فصل  پاییز 95 ', '2018-04-18 09:35:42', '2018-04-18 09:35:42'),
(4, 'درصد ‌تغيير نسبت به  فصل بهار 96', '2018-04-18 09:35:42', '2018-04-18 09:35:42'),
(5, 'درصد ‌تغيير نسبت به  فصل ‌قبل', '2018-04-18 09:35:42', '2018-04-18 09:35:42'),
(6, 'درصد ‌تغيير نسبت به فصل مشابه سال ‌قبل', '2018-04-18 09:35:42', '2018-04-18 09:35:42'),
(7, 'درصد ‌تغيير نسبت به  فصل تابستان 96', '2018-04-18 09:35:42', '2018-04-18 09:35:42'),
(8, 'درصد ‌تغيير نسبت به فصل پاییز 95', '2018-04-18 09:35:42', '2018-04-18 09:35:42'),
(9, 'درصد تغییر نسبت به ماه قبل ', '2018-04-18 09:35:42', '2018-04-18 09:35:42'),
(10, 'درصد تغییر شاخص نسبت به ماه مشابه سال قبل ', '2018-04-18 09:35:42', '2018-04-18 09:35:42'),
(11, 'درصد تغییرات شاخص نسبت به مجموعه های منتهی به ماه ', '2018-04-18 09:35:42', '2018-04-18 09:35:42'),
(12, 'درصد تغییرات شاخص نسبت به 12 ماه منتهی به ماه جاری', '2018-04-18 09:35:42', '2018-04-18 09:35:42'),
(13, 'عدد شاخص', '2018-04-18 09:35:42', '2018-04-18 09:35:42'),
(14, 'ماه', '2018-04-18 09:35:42', '2018-04-18 09:35:42'),
(15, 'پاییز 96', '2018-04-18 09:35:42', '2018-04-18 09:35:42'),
(16, 'تابستان 96', '2018-04-18 09:35:42', '2018-04-18 09:35:42'),
(17, 'پاییز 95', '2018-04-18 09:35:42', '2018-04-18 09:35:42'),
(18, 'بهار ۹۷', '2018-06-11 08:28:06', '2018-06-11 08:28:06');

--
-- Triggers `column_title`
--
DELIMITER $$
CREATE TRIGGER `column_title_before_insert_created_date` BEFORE INSERT ON `column_title` FOR EACH ROW BEGIN
  SET NEW.created_date = CURRENT_TIMESTAMP;
END
$$
DELIMITER ;

-- --------------------------------------------------------

--
-- Table structure for table `indicator`
--

CREATE TABLE `indicator` (
  `id` int(11) NOT NULL,
  `row_title_id` int(11) NOT NULL,
  `col_title_id` int(11) NOT NULL,
  `table_name` int(11) DEFAULT NULL,
  `unit_id` int(11) DEFAULT NULL,
  `mark_id` int(11) NOT NULL DEFAULT '9',
  `amount` double NOT NULL,
  `is_urban` tinyint(1) NOT NULL DEFAULT '2',
  `persian_year` char(4) COLLATE utf8_unicode_ci NOT NULL,
  `persian_month` char(2) COLLATE utf8_unicode_ci NOT NULL,
  `persian_day` char(2) COLLATE utf8_unicode_ci NOT NULL,
  `persian_season` char(1) COLLATE utf8_unicode_ci NOT NULL,
  `created_date` timestamp NULL DEFAULT NULL,
  `modified_date` timestamp NOT NULL DEFAULT CURRENT_TIMESTAMP ON UPDATE CURRENT_TIMESTAMP
) ENGINE=InnoDB DEFAULT CHARSET=utf8 COLLATE=utf8_unicode_ci;

--
-- Dumping data for table `indicator`
--

INSERT INTO `indicator` (`id`, `row_title_id`, `col_title_id`, `table_name`, `unit_id`, `mark_id`, `amount`, `is_urban`, `persian_year`, `persian_month`, `persian_day`, `persian_season`, `created_date`, `modified_date`) VALUES
(1, 1, 1, 32, 1, 9, 69, 2, '1396', '9', '0', '3', '2018-04-19 04:48:39', '2018-04-19 04:48:39'),
(2, 1, 2, 32, 1, 9, 69, 2, '1396', '6', '0', '2', '2018-04-19 04:48:39', '2018-04-19 04:48:39'),
(3, 1, 3, 32, 1, 9, 68, 2, '1395', '9', '0', '3', '2018-04-19 04:48:39', '2018-04-19 04:48:39'),
(4, 1, 5, 32, 27, 9, 0, 2, '1396', '6', '0', '2', '2018-04-19 04:48:39', '2018-04-28 04:42:05'),
(5, 1, 6, 32, 27, 9, 1.5, 2, '1395', '9', '0', '3', '2018-04-19 04:48:39', '2018-04-28 04:42:10'),
(6, 2, 1, 32, 3, 9, 90, 2, '1396', '9', '0', '3', '2018-04-19 04:48:39', '2018-04-19 04:48:39'),
(7, 2, 2, 32, 3, 9, 90, 2, '1396', '6', '0', '2', '2018-04-19 04:48:39', '2018-04-19 04:48:39'),
(8, 2, 3, 32, 3, 9, 93, 2, '1395', '9', '0', '3', '2018-04-19 04:48:39', '2018-04-19 04:48:39'),
(9, 2, 5, 32, 27, 9, 0, 2, '1396', '6', '0', '2', '2018-04-19 04:48:39', '2018-04-28 04:42:05'),
(10, 2, 6, 32, 27, 9, -3.2, 2, '1395', '9', '0', '3', '2018-04-19 04:48:39', '2018-04-28 04:42:10'),
(11, 3, 1, 32, 3, 9, 214, 2, '1396', '9', '0', '3', '2018-04-19 04:48:39', '2018-04-19 04:48:39'),
(12, 3, 2, 32, 3, 9, 209, 2, '1396', '6', '0', '2', '2018-04-19 04:48:39', '2018-04-19 04:48:39'),
(13, 3, 3, 32, 3, 9, 269, 2, '1395', '9', '0', '3', '2018-04-19 04:48:39', '2018-04-19 04:48:39'),
(14, 3, 5, 32, 27, 9, 2.4, 2, '1396', '6', '0', '2', '2018-04-19 04:48:39', '2018-04-28 04:42:05'),
(15, 3, 6, 32, 27, 9, -20.4, 2, '1395', '9', '0', '3', '2018-04-19 04:48:39', '2018-04-28 04:42:10'),
(16, 4, 1, 32, 3, 9, 811, 2, '1396', '9', '0', '3', '2018-04-19 04:48:39', '2018-04-19 04:48:39'),
(17, 4, 2, 32, 3, 9, 708, 2, '1396', '6', '0', '2', '2018-04-19 04:48:39', '2018-04-19 04:48:39'),
(18, 4, 3, 32, 3, 9, 831, 2, '1395', '9', '0', '3', '2018-04-19 04:48:39', '2018-04-19 04:48:39'),
(19, 4, 5, 32, 27, 9, 14.5, 2, '1396', '6', '0', '2', '2018-04-19 04:48:39', '2018-04-28 04:42:05'),
(20, 4, 6, 32, 27, 9, -2.4, 2, '1395', '9', '0', '3', '2018-04-19 04:48:39', '2018-04-28 04:42:10'),
(21, 5, 1, 32, 2, 9, 5897, 2, '1396', '9', '0', '3', '2018-04-19 04:48:39', '2018-04-19 04:48:39'),
(22, 5, 2, 32, 2, 9, 5864, 2, '1396', '6', '0', '2', '2018-04-19 04:48:39', '2018-04-19 04:48:39'),
(23, 5, 3, 32, 2, 9, 6264, 2, '1395', '9', '0', '3', '2018-04-19 04:48:39', '2018-04-19 04:48:39'),
(24, 5, 5, 32, 27, 9, 0.6, 2, '1396', '6', '0', '2', '2018-04-19 04:48:39', '2018-04-28 04:42:05'),
(25, 5, 6, 32, 27, 9, -5.9, 2, '1395', '9', '0', '3', '2018-04-19 04:48:39', '2018-04-28 04:42:10'),
(26, 6, 1, 27, 4, 9, 31067, 2, '1396', '9', '0', '3', '2018-04-19 04:48:39', '2018-04-19 04:48:39'),
(27, 6, 2, 27, 4, 9, 32140, 2, '1396', '6', '0', '2', '2018-04-19 04:48:39', '2018-04-19 04:48:39'),
(28, 6, 3, 27, 4, 9, 33622, 2, '1395', '9', '0', '3', '2018-04-19 04:48:39', '2018-04-19 04:48:39'),
(29, 6, 5, 27, 27, 9, -3.3, 2, '1396', '6', '0', '2', '2018-04-19 04:48:39', '2018-04-28 04:42:05'),
(30, 6, 6, 27, 27, 9, -7.6, 2, '1395', '9', '0', '3', '2018-04-19 04:48:39', '2018-04-28 04:42:10'),
(31, 7, 1, 27, 5, 9, 13947, 2, '1396', '9', '0', '3', '2018-04-19 04:48:39', '2018-04-19 04:48:39'),
(32, 7, 2, 27, 5, 9, 14181, 2, '1396', '6', '0', '2', '2018-04-19 04:48:39', '2018-04-19 04:48:39'),
(33, 7, 3, 27, 5, 9, 14600, 2, '1395', '9', '0', '3', '2018-04-19 04:48:39', '2018-04-19 04:48:39'),
(34, 7, 5, 27, 27, 9, -1.7, 2, '1396', '6', '0', '2', '2018-04-19 04:48:39', '2018-04-28 04:42:05'),
(35, 7, 6, 27, 27, 9, -4.5, 2, '1395', '9', '0', '3', '2018-04-19 04:48:39', '2018-04-28 04:42:10'),
(36, 8, 1, 27, 4, 9, 24012, 2, '1396', '9', '0', '3', '2018-04-19 04:48:39', '2018-04-19 04:48:39'),
(37, 8, 2, 27, 4, 9, 24610, 2, '1396', '6', '0', '2', '2018-04-19 04:48:39', '2018-04-19 04:48:39'),
(38, 8, 3, 27, 4, 9, 26849, 2, '1395', '9', '0', '3', '2018-04-19 04:48:39', '2018-04-19 04:48:39'),
(39, 8, 5, 27, 27, 9, -2.4, 2, '1396', '6', '0', '2', '2018-04-19 04:48:39', '2018-04-28 04:42:05'),
(40, 8, 6, 27, 27, 9, -10.6, 2, '1395', '9', '0', '3', '2018-04-19 04:48:39', '2018-04-28 04:42:10'),
(41, 9, 1, 31, 6, 9, 263, 2, '1396', '9', '0', '3', '2018-04-19 04:48:39', '2018-04-19 04:48:39'),
(42, 9, 2, 31, 6, 9, 263, 2, '1396', '6', '0', '2', '2018-04-19 04:48:39', '2018-04-19 04:48:39'),
(43, 9, 3, 31, 6, 9, 448, 2, '1395', '9', '0', '3', '2018-04-19 04:48:39', '2018-04-19 04:48:39'),
(44, 9, 5, 31, 27, 9, 0, 2, '1396', '6', '0', '2', '2018-04-19 04:48:39', '2018-04-28 04:42:05'),
(45, 9, 6, 31, 27, 9, -41.3, 2, '1395', '9', '0', '3', '2018-04-19 04:48:39', '2018-04-28 04:42:10'),
(46, 10, 1, 31, 7, 9, 280672, 2, '1396', '9', '0', '3', '2018-04-19 04:48:39', '2018-04-19 04:48:39'),
(47, 10, 2, 31, 7, 9, 280672, 2, '1396', '6', '0', '2', '2018-04-19 04:48:39', '2018-04-19 04:48:39'),
(48, 10, 3, 31, 7, 9, 476250, 2, '1395', '9', '0', '3', '2018-04-19 04:48:39', '2018-04-19 04:48:39'),
(49, 10, 5, 31, 27, 9, 0, 2, '1396', '6', '0', '2', '2018-04-19 04:48:39', '2018-04-28 04:42:05'),
(50, 10, 6, 31, 27, 9, -41.1, 2, '1395', '9', '0', '3', '2018-04-19 04:48:39', '2018-04-28 04:42:10'),
(51, 11, 1, 31, 6, 9, 249, 2, '1396', '9', '0', '3', '2018-04-19 04:48:39', '2018-04-19 04:48:39'),
(52, 11, 2, 31, 6, 9, 249, 2, '1396', '6', '0', '2', '2018-04-19 04:48:39', '2018-04-19 04:48:39'),
(53, 11, 3, 31, 6, 9, 399, 2, '1395', '9', '0', '3', '2018-04-19 04:48:39', '2018-04-19 04:48:39'),
(54, 11, 5, 31, 27, 9, 0, 2, '1396', '6', '0', '2', '2018-04-19 04:48:39', '2018-04-28 04:42:05'),
(55, 11, 6, 31, 27, 9, -37.6, 2, '1395', '9', '0', '3', '2018-04-19 04:48:39', '2018-04-28 04:42:10'),
(56, 12, 1, 31, 6, 9, 14, 2, '1396', '9', '0', '3', '2018-04-19 04:48:39', '2018-04-19 04:48:39'),
(57, 12, 2, 31, 6, 9, 14, 2, '1396', '6', '0', '2', '2018-04-19 04:48:39', '2018-04-19 04:48:39'),
(58, 12, 3, 31, 6, 9, 49, 2, '1395', '9', '0', '3', '2018-04-19 04:48:39', '2018-04-19 04:48:39'),
(59, 12, 5, 31, 27, 9, 0, 2, '1396', '6', '0', '2', '2018-04-19 04:48:39', '2018-04-28 04:42:05'),
(60, 12, 6, 31, 27, 9, -71.4, 2, '1395', '9', '0', '3', '2018-04-19 04:48:39', '2018-04-28 04:42:10'),
(61, 13, 1, 31, 6, 9, 8, 2, '1396', '9', '0', '3', '2018-04-19 04:48:39', '2018-04-19 04:48:39'),
(62, 13, 2, 31, 6, 9, 4, 2, '1396', '6', '0', '2', '2018-04-19 04:48:39', '2018-04-19 04:48:39'),
(63, 13, 3, 31, 6, 9, 33, 2, '1395', '9', '0', '3', '2018-04-19 04:48:39', '2018-04-19 04:48:39'),
(64, 13, 5, 31, 27, 9, 100, 2, '1396', '6', '0', '2', '2018-04-19 04:48:39', '2018-04-28 04:42:05'),
(65, 13, 6, 31, 27, 9, -75.8, 2, '1395', '9', '0', '3', '2018-04-19 04:48:39', '2018-04-28 04:42:10'),
(66, 14, 1, 31, 7, 9, 0, 2, '1396', '9', '0', '3', '2018-04-19 04:48:39', '2018-04-19 04:48:39'),
(67, 14, 2, 31, 7, 9, 5000, 2, '1396', '6', '0', '2', '2018-04-19 04:48:39', '2018-04-19 04:48:39'),
(68, 14, 3, 31, 7, 9, 200000, 2, '1395', '9', '0', '3', '2018-04-19 04:48:39', '2018-04-19 04:48:39'),
(69, 14, 5, 31, 27, 9, -100, 2, '1396', '6', '0', '2', '2018-04-19 04:48:39', '2018-04-28 04:42:05'),
(70, 14, 6, 31, 27, 9, -100, 2, '1395', '9', '0', '3', '2018-04-19 04:48:39', '2018-04-28 04:42:10'),
(71, 15, 1, 31, 6, 9, 35, 2, '1396', '9', '0', '3', '2018-04-19 04:48:39', '2018-04-19 04:48:39'),
(72, 15, 2, 31, 6, 9, 30, 2, '1396', '6', '0', '2', '2018-04-19 04:48:39', '2018-04-19 04:48:39'),
(73, 15, 3, 31, 6, 9, 4, 2, '1395', '9', '0', '3', '2018-04-19 04:48:39', '2018-04-19 04:48:39'),
(74, 15, 5, 31, 27, 9, 16.7, 2, '1396', '6', '0', '2', '2018-04-19 04:48:39', '2018-04-28 04:42:05'),
(75, 15, 6, 31, 27, 9, 775, 2, '1395', '9', '0', '3', '2018-04-19 04:48:39', '2018-04-28 04:42:10'),
(76, 16, 1, 31, 8, 9, 175000, 2, '1396', '9', '0', '3', '2018-04-19 04:48:39', '2018-04-19 04:48:39'),
(77, 16, 2, 31, 8, 9, 100000, 2, '1396', '6', '0', '2', '2018-04-19 04:48:39', '2018-04-19 04:48:39'),
(78, 16, 3, 31, 8, 9, 50000, 2, '1395', '9', '0', '3', '2018-04-19 04:48:39', '2018-04-19 04:48:39'),
(79, 16, 5, 31, 27, 9, 75, 2, '1396', '6', '0', '2', '2018-04-19 04:48:39', '2018-04-28 04:42:05'),
(80, 16, 6, 31, 27, 9, 250, 2, '1395', '9', '0', '3', '2018-04-19 04:48:39', '2018-04-28 04:42:10'),
(81, 17, 1, 31, 6, 9, 6, 2, '1396', '9', '0', '3', '2018-04-19 04:48:39', '2018-04-19 04:48:39'),
(82, 17, 2, 31, 6, 9, 9, 2, '1396', '6', '0', '2', '2018-04-19 04:48:39', '2018-04-19 04:48:39'),
(83, 17, 3, 31, 6, 9, 29, 2, '1395', '9', '0', '3', '2018-04-19 04:48:39', '2018-04-19 04:48:39'),
(84, 17, 5, 31, 27, 9, -33.3, 2, '1396', '6', '0', '2', '2018-04-19 04:48:39', '2018-04-28 04:42:05'),
(85, 17, 6, 31, 27, 9, -79.3, 2, '1395', '9', '0', '3', '2018-04-19 04:48:39', '2018-04-28 04:42:10'),
(86, 18, 1, 31, 8, 9, 12000, 2, '1396', '9', '0', '3', '2018-04-19 04:48:39', '2018-04-19 04:48:39'),
(87, 18, 2, 31, 8, 9, 27000, 2, '1396', '6', '0', '2', '2018-04-19 04:48:39', '2018-04-19 04:48:39'),
(88, 18, 3, 31, 8, 9, 150000, 2, '1395', '9', '0', '3', '2018-04-19 04:48:39', '2018-04-19 04:48:39'),
(89, 18, 5, 31, 27, 9, -55.6, 2, '1396', '6', '0', '2', '2018-04-19 04:48:39', '2018-04-28 04:42:05'),
(90, 18, 6, 31, 27, 9, -92, 2, '1395', '9', '0', '3', '2018-04-19 04:48:39', '2018-04-28 04:42:10'),
(91, 19, 1, 31, 1, 9, 69, 2, '1396', '9', '0', '3', '2018-04-19 04:48:39', '2018-04-19 04:48:39'),
(92, 19, 2, 31, 1, 9, 69, 2, '1396', '6', '0', '2', '2018-04-19 04:48:39', '2018-04-19 04:48:39'),
(93, 19, 3, 31, 1, 9, 68, 2, '1395', '9', '0', '3', '2018-04-19 04:48:39', '2018-04-19 04:48:39'),
(94, 19, 5, 31, 27, 9, 0, 2, '1396', '6', '0', '2', '2018-04-19 04:48:39', '2018-04-28 04:42:05'),
(95, 19, 6, 31, 27, 9, 1.5, 2, '1395', '9', '0', '3', '2018-04-19 04:48:39', '2018-04-28 04:42:10'),
(96, 20, 1, 31, 4, 9, 89879, 2, '1396', '9', '0', '3', '2018-04-19 04:48:39', '2018-04-19 04:48:39'),
(97, 20, 2, 31, 4, 9, 89911, 2, '1396', '6', '0', '2', '2018-04-19 04:48:39', '2018-04-19 04:48:39'),
(98, 20, 3, 31, 4, 9, 97490, 2, '1395', '9', '0', '3', '2018-04-19 04:48:39', '2018-04-19 04:48:39'),
(99, 20, 5, 31, 27, 9, 0, 2, '1396', '6', '0', '2', '2018-04-19 04:48:39', '2018-04-28 04:42:05'),
(100, 20, 6, 31, 27, 9, -7.8, 2, '1395', '9', '0', '3', '2018-04-19 04:48:39', '2018-04-28 04:42:10'),
(101, 21, 1, 31, 1, 9, 382, 2, '1396', '9', '0', '3', '2018-04-19 04:48:39', '2018-04-19 04:48:39'),
(102, 21, 2, 31, 1, 9, 382, 2, '1396', '6', '0', '2', '2018-04-19 04:48:39', '2018-04-19 04:48:39'),
(103, 21, 3, 31, 1, 9, 365, 2, '1395', '9', '0', '3', '2018-04-19 04:48:39', '2018-04-19 04:48:39'),
(104, 21, 5, 31, 27, 9, 0, 2, '1396', '6', '0', '2', '2018-04-19 04:48:39', '2018-04-28 04:42:05'),
(105, 21, 6, 31, 27, 9, 4.7, 2, '1395', '9', '0', '3', '2018-04-19 04:48:39', '2018-04-28 04:42:10'),
(106, 22, 1, 31, 1, 9, 11, 2, '1396', '9', '0', '3', '2018-04-19 04:48:39', '2018-04-19 04:48:39'),
(107, 22, 2, 31, 1, 9, 11, 2, '1396', '6', '0', '2', '2018-04-19 04:48:39', '2018-04-19 04:48:39'),
(108, 22, 3, 31, 1, 9, 11, 2, '1395', '9', '0', '3', '2018-04-19 04:48:39', '2018-04-19 04:48:39'),
(109, 22, 5, 31, 27, 9, 0, 2, '1396', '6', '0', '2', '2018-04-19 04:48:39', '2018-04-28 04:42:05'),
(110, 22, 6, 31, 27, 9, 0, 2, '1395', '9', '0', '3', '2018-04-19 04:48:39', '2018-04-28 04:42:10'),
(111, 23, 1, 17, 27, 9, 40, 2, '1396', '9', '0', '3', '2018-05-06 07:28:36', '2018-05-06 07:28:36'),
(112, 23, 2, 17, 27, 9, 40, 2, '1396', '6', '0', '2', '2018-05-06 07:28:36', '2018-05-06 07:28:36'),
(113, 23, 3, 17, 27, 9, 43, 2, '1395', '9', '0', '3', '2018-05-06 07:28:36', '2018-05-06 07:28:36'),
(114, 23, 5, 17, 27, 9, 0, 2, '1396', '6', '0', '2', '2018-05-06 07:28:36', '2018-05-06 07:28:36'),
(115, 23, 6, 17, 27, 9, -3, 2, '1395', '9', '0', '3', '2018-05-06 07:28:36', '2018-05-06 07:28:36'),
(116, 24, 1, 17, 30, 2, 0, 2, '1396', '9', '0', '3', '2018-05-06 07:28:36', '2018-05-06 07:28:36'),
(117, 24, 2, 17, 30, 2, 0, 2, '1396', '6', '0', '2', '2018-05-06 07:28:36', '2018-05-06 07:28:36'),
(118, 24, 3, 17, 30, 2, 0, 2, '1395', '9', '0', '3', '2018-05-06 07:28:36', '2018-05-06 07:28:36'),
(119, 24, 5, 17, 27, 2, 0, 2, '1396', '6', '0', '2', '2018-05-06 07:28:36', '2018-05-06 07:28:36'),
(120, 24, 6, 17, 27, 2, 0, 2, '1395', '9', '0', '3', '2018-05-06 07:28:36', '2018-05-06 07:28:36'),
(121, 25, 1, 17, 31, 9, 30, 2, '1396', '9', '0', '3', '2018-05-06 07:28:36', '2018-05-06 07:28:36'),
(122, 25, 2, 17, 31, 9, 30, 2, '1396', '6', '0', '2', '2018-05-06 07:28:36', '2018-05-06 07:28:36'),
(123, 25, 3, 17, 31, 9, 39, 2, '1395', '9', '0', '3', '2018-05-06 07:28:36', '2018-05-06 07:28:36'),
(124, 25, 5, 17, 27, 9, 0, 2, '1396', '6', '0', '2', '2018-05-06 07:28:36', '2018-05-06 07:28:36'),
(125, 25, 6, 17, 27, 9, -23.0769230769, 2, '1395', '9', '0', '3', '2018-05-06 07:28:36', '2018-05-06 07:28:36'),
(126, 26, 1, 17, 30, 9, 3721, 2, '1396', '9', '0', '3', '2018-05-06 07:28:36', '2018-05-06 07:28:36'),
(127, 26, 2, 17, 30, 9, 3700, 2, '1396', '6', '0', '2', '2018-05-06 07:28:36', '2018-05-06 07:28:36'),
(128, 26, 3, 17, 30, 9, 4182, 2, '1395', '9', '0', '3', '2018-05-06 07:28:36', '2018-05-06 07:28:36'),
(129, 26, 5, 17, 27, 9, 0.5675675676, 2, '1396', '6', '0', '2', '2018-05-06 07:28:36', '2018-05-06 07:28:36'),
(130, 26, 6, 17, 27, 9, -11.0234337637, 2, '1395', '9', '0', '3', '2018-05-06 07:28:36', '2018-05-06 07:28:36'),
(131, 27, 1, 17, 32, 9, 318, 2, '1396', '9', '0', '3', '2018-05-06 07:28:36', '2018-05-06 07:28:36'),
(132, 27, 2, 17, 32, 9, 318, 2, '1396', '6', '0', '2', '2018-05-06 07:28:36', '2018-05-06 07:28:36'),
(133, 27, 3, 17, 32, 9, 318, 2, '1395', '9', '0', '3', '2018-05-06 07:28:36', '2018-05-06 07:28:36'),
(134, 27, 5, 17, 27, 9, 0, 2, '1396', '6', '0', '2', '2018-05-06 07:28:36', '2018-05-06 07:28:36'),
(135, 27, 6, 17, 27, 9, 0, 2, '1395', '9', '0', '3', '2018-05-06 07:28:36', '2018-05-06 07:28:36'),
(136, 28, 1, 17, 33, 9, 33, 2, '1396', '9', '0', '3', '2018-05-06 07:28:36', '2018-05-06 07:28:36'),
(137, 28, 2, 17, 33, 9, 33, 2, '1396', '6', '0', '2', '2018-05-06 07:28:36', '2018-05-06 07:28:36'),
(138, 28, 3, 17, 33, 9, 33, 2, '1395', '9', '0', '3', '2018-05-06 07:28:36', '2018-05-06 07:28:36'),
(139, 28, 5, 17, 27, 9, 0, 2, '1396', '6', '0', '2', '2018-05-06 07:28:36', '2018-05-06 07:28:36'),
(140, 28, 6, 17, 27, 9, 0, 2, '1395', '9', '0', '3', '2018-05-06 07:28:36', '2018-05-06 07:28:36'),
(141, 29, 1, 17, 34, 9, 141516, 2, '1396', '9', '0', '3', '2018-05-06 07:28:36', '2018-05-06 07:28:36'),
(142, 29, 2, 17, 34, 9, 138049, 2, '1396', '6', '0', '2', '2018-05-06 07:28:36', '2018-05-06 07:28:36'),
(143, 29, 3, 17, 34, 9, 124892, 2, '1395', '9', '0', '3', '2018-05-06 07:28:36', '2018-05-06 07:28:36'),
(144, 29, 5, 17, 27, 9, 2.511427102, 2, '1396', '6', '0', '2', '2018-05-06 07:28:36', '2018-05-06 07:28:36'),
(145, 29, 6, 17, 27, 9, 13.3107004452, 2, '1395', '9', '0', '3', '2018-05-06 07:28:36', '2018-05-06 07:28:36'),
(146, 30, 1, 17, 35, 9, 58.5, 2, '1396', '9', '0', '3', '2018-05-06 07:28:36', '2018-05-06 07:28:36'),
(147, 30, 2, 17, 35, 9, 57.2, 2, '1396', '6', '0', '2', '2018-05-06 07:28:36', '2018-05-06 07:28:36'),
(148, 30, 3, 17, 35, 9, 57.3, 2, '1395', '9', '0', '3', '2018-05-06 07:28:36', '2018-05-06 07:28:36'),
(149, 30, 5, 17, 27, 9, 1.3, 2, '1396', '6', '0', '2', '2018-05-06 07:28:36', '2018-05-06 07:28:36'),
(150, 30, 6, 17, 27, 9, 1.2, 2, '1395', '9', '0', '3', '2018-05-06 07:28:36', '2018-05-06 07:28:36'),
(151, 31, 1, 35, 4, 9, 26234, 2, '1396', '9', '0', '3', '2018-05-06 07:28:36', '2018-05-06 07:28:36'),
(152, 31, 2, 35, 4, 9, 52978, 2, '1396', '6', '0', '2', '2018-05-06 07:28:36', '2018-05-06 07:28:36'),
(153, 31, 3, 35, 4, 9, 19254, 2, '1395', '9', '0', '3', '2018-05-06 07:28:36', '2018-05-06 07:28:36'),
(154, 31, 5, 35, 27, 9, -50.4813318736, 2, '1396', '6', '0', '2', '2018-05-06 07:28:36', '2018-05-06 07:28:36'),
(155, 31, 6, 35, 27, 9, 36.2522073335, 2, '1395', '9', '0', '3', '2018-05-06 07:28:36', '2018-05-06 07:28:36'),
(156, 32, 1, 35, 4, 9, 13841, 2, '1396', '9', '0', '3', '2018-05-06 07:28:36', '2018-05-06 07:28:36'),
(157, 32, 2, 35, 4, 9, 29328, 2, '1396', '6', '0', '2', '2018-05-06 07:28:36', '2018-05-06 07:28:36'),
(158, 32, 3, 35, 4, 9, 9672, 2, '1395', '9', '0', '3', '2018-05-06 07:28:36', '2018-05-06 07:28:36'),
(159, 32, 5, 35, 27, 9, -52.8061920349, 2, '1396', '6', '0', '2', '2018-05-06 07:28:36', '2018-05-06 07:28:36'),
(160, 32, 6, 35, 27, 9, 43.1038047974, 2, '1395', '9', '0', '3', '2018-05-06 07:28:36', '2018-05-06 07:28:36'),
(161, 33, 1, 35, 4, 9, 12293, 2, '1396', '9', '0', '3', '2018-05-06 07:28:36', '2018-05-06 07:28:36'),
(162, 33, 2, 35, 4, 9, 23650, 2, '1396', '6', '0', '2', '2018-05-06 07:28:36', '2018-05-06 07:28:36'),
(163, 33, 3, 35, 4, 9, 9582, 2, '1395', '9', '0', '3', '2018-05-06 07:28:36', '2018-05-06 07:28:36'),
(164, 33, 5, 35, 27, 9, -48.021141649, 2, '1396', '6', '0', '2', '2018-05-06 07:28:36', '2018-05-06 07:28:36'),
(165, 33, 6, 35, 27, 9, 28.2926320184, 2, '1395', '9', '0', '3', '2018-05-06 07:28:36', '2018-05-06 07:28:36'),
(166, 34, 1, 35, 4, 9, 187, 2, '1396', '9', '0', '3', '2018-05-06 07:28:36', '2018-05-06 07:28:36'),
(167, 34, 2, 35, 4, 9, 218, 2, '1396', '6', '0', '2', '2018-05-06 07:28:36', '2018-05-06 07:28:36'),
(168, 34, 3, 35, 4, 9, 174, 2, '1395', '9', '0', '3', '2018-05-06 07:28:36', '2018-05-06 07:28:36'),
(169, 34, 5, 35, 27, 9, -14.2201834862, 2, '1396', '6', '0', '2', '2018-05-06 07:28:36', '2018-05-06 07:28:36'),
(170, 34, 6, 35, 27, 9, 7.4712643678, 2, '1395', '9', '0', '3', '2018-05-06 07:28:36', '2018-05-06 07:28:36'),
(171, 35, 1, 35, 9, 9, 10, 2, '1396', '9', '0', '3', '2018-05-06 07:28:36', '2018-05-06 07:28:36'),
(172, 35, 2, 35, 9, 9, 7, 2, '1396', '6', '0', '2', '2018-05-06 07:28:36', '2018-05-06 07:28:36'),
(173, 35, 3, 35, 9, 9, 1, 2, '1395', '9', '0', '3', '2018-05-06 07:28:36', '2018-05-06 07:28:36'),
(174, 35, 5, 35, 9, 9, 42.8571428571, 2, '1396', '6', '0', '2', '2018-05-06 07:28:36', '2018-05-06 07:28:36'),
(175, 35, 6, 35, 9, 9, 900, 2, '1395', '9', '0', '3', '2018-05-06 07:28:36', '2018-05-06 07:28:36'),
(176, 36, 1, 12, 10, 9, 1708, 2, '1396', '9', '0', '3', '2018-05-06 07:28:36', '2018-05-06 07:28:36'),
(177, 36, 2, 12, 10, 9, 2304, 2, '1396', '6', '0', '2', '2018-05-06 07:28:36', '2018-05-06 07:28:36'),
(178, 36, 3, 12, 10, 9, 1441, 2, '1395', '9', '0', '3', '2018-05-06 07:28:36', '2018-05-06 07:28:36'),
(179, 36, 5, 12, 27, 9, -25.8680555556, 2, '1396', '6', '0', '2', '2018-05-06 07:28:36', '2018-05-06 07:28:36'),
(180, 36, 6, 12, 27, 9, 18.5287994448, 2, '1395', '9', '0', '3', '2018-05-06 07:28:36', '2018-05-06 07:28:36'),
(181, 37, 1, 12, 10, 9, 1339, 2, '1396', '9', '0', '3', '2018-05-06 07:28:36', '2018-05-06 07:28:36'),
(182, 37, 2, 12, 10, 9, 1912, 2, '1396', '6', '0', '2', '2018-05-06 07:28:36', '2018-05-06 07:28:36'),
(183, 37, 3, 12, 10, 9, 1100, 2, '1395', '9', '0', '3', '2018-05-06 07:28:36', '2018-05-06 07:28:36'),
(184, 37, 5, 12, 27, 9, -29.9686192469, 2, '1396', '6', '0', '2', '2018-05-06 07:28:36', '2018-05-06 07:28:36'),
(185, 37, 6, 12, 27, 9, 21.7272727273, 2, '1395', '9', '0', '3', '2018-05-06 07:28:36', '2018-05-06 07:28:36'),
(186, 38, 1, 12, 10, 9, 364, 2, '1396', '9', '0', '3', '2018-05-06 07:28:36', '2018-05-06 07:28:36'),
(187, 38, 2, 12, 10, 9, 367, 2, '1396', '6', '0', '2', '2018-05-06 07:28:36', '2018-05-06 07:28:36'),
(188, 38, 3, 12, 10, 9, 327, 2, '1395', '9', '0', '3', '2018-05-06 07:28:36', '2018-05-06 07:28:36'),
(189, 38, 5, 12, 27, 9, -0.8174386921, 2, '1396', '6', '0', '2', '2018-05-06 07:28:36', '2018-05-06 07:28:36'),
(190, 38, 6, 12, 27, 9, 11.3149847095, 2, '1395', '9', '0', '3', '2018-05-06 07:28:36', '2018-05-06 07:28:36'),
(191, 39, 1, 12, 10, 9, 5, 2, '1396', '9', '0', '3', '2018-05-06 07:28:36', '2018-05-06 07:28:36'),
(192, 39, 2, 12, 10, 9, 25, 2, '1396', '6', '0', '2', '2018-05-06 07:28:36', '2018-05-06 07:28:36'),
(193, 39, 3, 12, 10, 9, 14, 2, '1395', '9', '0', '3', '2018-05-06 07:28:36', '2018-05-06 07:28:36'),
(194, 39, 5, 12, 27, 9, -80, 2, '1396', '6', '0', '2', '2018-05-06 07:28:36', '2018-05-06 07:28:36'),
(195, 39, 6, 12, 27, 9, -64.2857142857, 2, '1395', '9', '0', '3', '2018-05-06 07:28:36', '2018-05-06 07:28:36'),
(196, 40, 1, 12, 11, 9, 60882.791, 2, '1396', '9', '0', '3', '2018-05-06 07:28:36', '2018-05-06 07:28:36'),
(197, 40, 2, 12, 11, 9, 72628.776, 2, '1396', '6', '0', '2', '2018-05-06 07:28:36', '2018-05-06 07:28:36'),
(198, 40, 3, 12, 11, 9, 56948.171, 2, '1395', '9', '0', '3', '2018-05-06 07:28:36', '2018-05-06 07:28:36'),
(199, 40, 5, 12, 27, 9, -16.1726324563, 2, '1396', '6', '0', '2', '2018-05-06 07:28:36', '2018-05-06 07:28:36'),
(200, 40, 6, 12, 27, 9, 6.9091244388, 2, '1395', '9', '0', '3', '2018-05-06 07:28:36', '2018-05-06 07:28:36'),
(201, 41, 1, 12, 11, 9, 48428.398, 2, '1396', '9', '0', '3', '2018-05-06 07:28:36', '2018-05-06 07:28:36'),
(202, 41, 2, 12, 11, 9, 57174.276, 2, '1396', '6', '0', '2', '2018-05-06 07:28:36', '2018-05-06 07:28:36'),
(203, 41, 3, 12, 11, 9, 44085.707, 2, '1395', '9', '0', '3', '2018-05-06 07:28:36', '2018-05-06 07:28:36'),
(204, 41, 5, 12, 27, 9, -15.2968758188, 2, '1396', '6', '0', '2', '2018-05-06 07:28:36', '2018-05-06 07:28:36'),
(205, 41, 6, 12, 27, 9, 9.8505644925, 2, '1395', '9', '0', '3', '2018-05-06 07:28:36', '2018-05-06 07:28:36'),
(206, 42, 1, 12, 11, 9, 12454.393, 2, '1396', '9', '0', '3', '2018-05-06 07:28:36', '2018-05-06 07:28:36'),
(207, 42, 2, 12, 11, 9, 15454.5, 2, '1396', '6', '0', '2', '2018-05-06 07:28:36', '2018-05-06 07:28:36'),
(208, 42, 3, 12, 11, 9, 12862.464, 2, '1395', '9', '0', '3', '2018-05-06 07:28:36', '2018-05-06 07:28:36'),
(209, 42, 5, 12, 27, 9, -19.4125141545, 2, '1396', '6', '0', '2', '2018-05-06 07:28:36', '2018-05-06 07:28:36'),
(210, 42, 6, 12, 27, 9, -3.1725725335, 2, '1395', '9', '0', '3', '2018-05-06 07:28:36', '2018-05-06 07:28:36'),
(211, 43, 1, 12, 12, 9, 6.295, 2, '1396', '9', '0', '3', '2018-05-06 07:28:36', '2018-05-06 07:28:36'),
(212, 43, 2, 12, 12, 9, 8.163, 2, '1396', '6', '0', '2', '2018-05-06 07:28:36', '2018-05-06 07:28:36'),
(213, 43, 3, 12, 12, 9, 3.442, 2, '1395', '9', '0', '3', '2018-05-06 07:28:36', '2018-05-06 07:28:36'),
(214, 43, 5, 12, 27, 9, -22.8837437217, 2, '1396', '6', '0', '2', '2018-05-06 07:28:36', '2018-05-06 07:28:36'),
(215, 43, 6, 12, 27, 9, 82.8878558977, 2, '1395', '9', '0', '3', '2018-05-06 07:28:36', '2018-05-06 07:28:36'),
(216, 44, 1, 12, 12, 9, 11.772, 2, '1396', '9', '0', '3', '2018-05-06 07:28:36', '2018-05-06 07:28:36'),
(217, 44, 2, 12, 12, 9, 6.027, 2, '1396', '6', '0', '2', '2018-05-06 07:28:36', '2018-05-06 07:28:36'),
(218, 44, 3, 12, 12, 9, 4.311, 2, '1395', '9', '0', '3', '2018-05-06 07:28:36', '2018-05-06 07:28:36'),
(219, 44, 5, 12, 27, 9, 95.3210552514, 2, '1396', '6', '0', '2', '2018-05-06 07:28:36', '2018-05-06 07:28:36'),
(220, 44, 6, 12, 27, 9, 173.0688935282, 2, '1395', '9', '0', '3', '2018-05-06 07:28:36', '2018-05-06 07:28:36'),
(221, 45, 1, 12, 12, 9, 20.675, 2, '1396', '9', '0', '3', '2018-05-06 07:28:36', '2018-05-06 07:28:36'),
(222, 45, 2, 12, 12, 9, 16.043, 2, '1396', '6', '0', '2', '2018-05-06 07:28:36', '2018-05-06 07:28:36'),
(223, 45, 3, 12, 12, 9, 9.379, 2, '1395', '9', '0', '3', '2018-05-06 07:28:36', '2018-05-06 07:28:36'),
(224, 45, 5, 12, 27, 9, 28.8724054105, 2, '1396', '6', '0', '2', '2018-05-06 07:28:36', '2018-05-06 07:28:36'),
(225, 45, 6, 12, 27, 9, 120.4392792409, 2, '1395', '9', '0', '3', '2018-05-06 07:28:36', '2018-05-06 07:28:36'),
(226, 46, 1, 12, 10, 9, 2241, 2, '1396', '9', '0', '3', '2018-05-06 07:28:36', '2018-05-06 07:28:36'),
(227, 46, 2, 12, 10, 9, 1285, 2, '1396', '6', '0', '2', '2018-05-06 07:28:36', '2018-05-06 07:28:36'),
(228, 46, 3, 12, 10, 9, 1143, 2, '1395', '9', '0', '3', '2018-05-06 07:28:36', '2018-05-06 07:28:36'),
(229, 46, 5, 12, 27, 9, 74.3968871595, 2, '1396', '6', '0', '2', '2018-05-06 07:28:36', '2018-05-06 07:28:36'),
(230, 46, 6, 12, 27, 9, 96.062992126, 2, '1395', '9', '0', '3', '2018-05-06 07:28:36', '2018-05-06 07:28:36'),
(231, 47, 1, 12, 10, 9, 2241, 2, '1396', '9', '0', '3', '2018-05-06 07:28:36', '2018-05-06 07:28:36'),
(232, 47, 2, 12, 10, 9, 1285, 2, '1396', '6', '0', '2', '2018-05-06 07:28:36', '2018-05-06 07:28:36'),
(233, 47, 3, 12, 10, 9, 1143, 2, '1395', '9', '0', '3', '2018-05-06 07:28:36', '2018-05-06 07:28:36'),
(234, 47, 5, 12, 27, 9, 74.3968871595, 2, '1396', '6', '0', '2', '2018-05-06 07:28:36', '2018-05-06 07:28:36'),
(235, 47, 6, 12, 27, 9, 96.062992126, 2, '1395', '9', '0', '3', '2018-05-06 07:28:36', '2018-05-06 07:28:36'),
(236, 48, 1, 12, 10, 9, 0, 2, '1396', '9', '0', '3', '2018-05-06 07:28:36', '2018-05-06 07:28:36'),
(237, 48, 2, 12, 10, 9, 0, 2, '1396', '6', '0', '2', '2018-05-06 07:28:36', '2018-05-06 07:28:36'),
(238, 48, 3, 12, 10, 9, 0, 2, '1395', '9', '0', '3', '2018-05-06 07:28:36', '2018-05-06 07:28:36'),
(239, 48, 5, 12, 27, 9, 0, 2, '1396', '6', '0', '2', '2018-05-06 07:28:36', '2018-05-06 07:28:36'),
(240, 48, 6, 12, 27, 9, 0, 2, '1395', '9', '0', '3', '2018-05-06 07:28:36', '2018-05-06 07:28:36'),
(241, 49, 1, 12, 10, 9, 0, 2, '1396', '9', '0', '3', '2018-05-06 07:28:36', '2018-05-06 07:28:36'),
(242, 49, 2, 12, 10, 9, 0, 2, '1396', '6', '0', '2', '2018-05-06 07:28:36', '2018-05-06 07:28:36'),
(243, 49, 3, 12, 10, 9, 0, 2, '1395', '9', '0', '3', '2018-05-06 07:28:36', '2018-05-06 07:28:36'),
(244, 49, 5, 12, 27, 9, 0, 2, '1396', '6', '0', '2', '2018-05-06 07:28:36', '2018-05-06 07:28:36'),
(245, 49, 6, 12, 27, 9, 0, 2, '1395', '9', '0', '3', '2018-05-06 07:28:36', '2018-05-06 07:28:36'),
(246, 50, 1, 26, 5, 9, 9040, 2, '1396', '9', '0', '3', '2018-05-06 07:28:36', '2018-05-06 07:28:36'),
(247, 50, 2, 26, 5, 9, 8956, 2, '1396', '6', '0', '2', '2018-05-06 07:28:36', '2018-05-06 07:28:36'),
(248, 50, 3, 26, 5, 9, 11337, 2, '1395', '9', '0', '3', '2018-05-06 07:28:36', '2018-05-06 07:28:36'),
(249, 50, 7, 26, 27, 9, 0.9379187137, 2, '1396', '6', '0', '2', '2018-05-06 07:28:36', '2018-05-06 07:28:36'),
(250, 50, 8, 26, 27, 9, -20.2610919996, 2, '1395', '9', '0', '3', '2018-05-06 07:28:36', '2018-05-06 07:28:36'),
(251, 51, 1, 26, 4, 9, 18080, 2, '1396', '9', '0', '3', '2018-05-06 07:28:36', '2018-05-06 07:28:36'),
(252, 51, 2, 26, 4, 9, 17912, 2, '1396', '6', '0', '2', '2018-05-06 07:28:36', '2018-05-06 07:28:36'),
(253, 51, 3, 26, 4, 9, 13172, 2, '1395', '9', '0', '3', '2018-05-06 07:28:36', '2018-05-06 07:28:36'),
(254, 51, 7, 26, 27, 9, 0.9379187137, 2, '1396', '6', '0', '2', '2018-05-06 07:28:36', '2018-05-06 07:28:36'),
(255, 51, 8, 26, 27, 9, 37.260856362, 2, '1395', '9', '0', '3', '2018-05-06 07:28:36', '2018-05-06 07:28:36'),
(256, 52, 1, 26, 4, 9, 11810, 2, '1396', '9', '0', '3', '2018-05-06 07:28:36', '2018-05-06 07:28:36'),
(257, 52, 2, 26, 4, 9, 11162, 2, '1396', '6', '0', '2', '2018-05-06 07:28:36', '2018-05-06 07:28:36'),
(258, 52, 3, 26, 4, 9, 12950, 2, '1395', '9', '0', '3', '2018-05-06 07:28:36', '2018-05-06 07:28:36'),
(259, 52, 7, 26, 27, 9, 5.8054112166, 2, '1396', '6', '0', '2', '2018-05-06 07:28:36', '2018-05-06 07:28:36'),
(260, 52, 8, 26, 27, 9, -8.8030888031, 2, '1395', '9', '0', '3', '2018-05-06 07:28:36', '2018-05-06 07:28:36'),
(261, 53, 1, 26, 4, 9, 25457, 2, '1396', '9', '0', '3', '2018-05-06 07:28:36', '2018-05-06 07:28:36'),
(262, 53, 2, 26, 4, 9, 25785, 2, '1396', '6', '0', '2', '2018-05-06 07:28:36', '2018-05-06 07:28:36'),
(263, 53, 3, 26, 4, 9, 27303, 2, '1395', '9', '0', '3', '2018-05-06 07:28:36', '2018-05-06 07:28:36'),
(264, 53, 7, 26, 27, 9, -1.2720573977, 2, '1396', '6', '0', '2', '2018-05-06 07:28:36', '2018-05-06 07:28:36'),
(265, 53, 8, 26, 27, 9, -6.7611617771, 2, '1395', '9', '0', '3', '2018-05-06 07:28:36', '2018-05-06 07:28:36'),
(266, 54, 1, 26, 4, 9, 1024, 2, '1396', '9', '0', '3', '2018-05-06 07:28:36', '2018-05-06 07:28:36'),
(267, 54, 2, 26, 4, 9, 830, 2, '1396', '6', '0', '2', '2018-05-06 07:28:36', '2018-05-06 07:28:36'),
(268, 54, 3, 26, 4, 9, 760, 2, '1395', '9', '0', '3', '2018-05-06 07:28:36', '2018-05-06 07:28:36'),
(269, 54, 7, 26, 27, 9, 23.3734939759, 2, '1396', '6', '0', '2', '2018-05-06 07:28:36', '2018-05-06 07:28:36'),
(270, 54, 8, 26, 27, 9, 34.7368421053, 2, '1395', '9', '0', '3', '2018-05-06 07:28:36', '2018-05-06 07:28:36'),
(271, 55, 1, 26, 4, 9, 370, 2, '1396', '9', '0', '3', '2018-05-06 07:28:36', '2018-05-06 07:28:36'),
(272, 55, 2, 26, 4, 9, 344, 2, '1396', '6', '0', '2', '2018-05-06 07:28:36', '2018-05-06 07:28:36'),
(273, 55, 3, 26, 4, 9, 309, 2, '1395', '9', '0', '3', '2018-05-06 07:28:36', '2018-05-06 07:28:36'),
(274, 55, 7, 26, 27, 9, 7.5581395349, 2, '1396', '6', '0', '2', '2018-05-06 07:28:36', '2018-05-06 07:28:36'),
(275, 55, 8, 26, 27, 9, 19.7411003236, 2, '1395', '9', '0', '3', '2018-05-06 07:28:36', '2018-05-06 07:28:36'),
(276, 56, 1, 16, 9, 9, 10840, 2, '1396', '9', '0', '3', '2018-05-06 07:28:36', '2018-05-06 07:28:36'),
(277, 56, 2, 16, 9, 9, 12165, 2, '1396', '6', '0', '2', '2018-05-06 07:28:36', '2018-05-06 07:28:36'),
(278, 56, 3, 16, 9, 9, 9254, 2, '1395', '9', '0', '3', '2018-05-06 07:28:36', '2018-05-06 07:28:36'),
(279, 56, 7, 16, 27, 9, -10.8919030004, 2, '1396', '6', '0', '2', '2018-05-06 07:28:36', '2018-05-06 07:28:36'),
(280, 56, 8, 16, 27, 9, 17.1385346877, 2, '1395', '9', '0', '3', '2018-05-06 07:28:36', '2018-05-06 07:28:36'),
(281, 57, 1, 16, 9, 9, 1673, 2, '1396', '9', '0', '3', '2018-05-06 07:28:36', '2018-05-06 07:28:36'),
(282, 57, 2, 16, 9, 9, 1146, 2, '1396', '6', '0', '2', '2018-05-06 07:28:36', '2018-05-06 07:28:36'),
(283, 57, 3, 16, 9, 9, 1740, 2, '1395', '9', '0', '3', '2018-05-06 07:28:36', '2018-05-06 07:28:36'),
(284, 57, 7, 16, 27, 9, 45.9860383944, 2, '1396', '6', '0', '2', '2018-05-06 07:28:36', '2018-05-06 07:28:36'),
(285, 57, 8, 16, 27, 9, -3.8505747126, 2, '1395', '9', '0', '3', '2018-05-06 07:28:36', '2018-05-06 07:28:36'),
(286, 58, 1, 16, 9, 9, 824, 2, '1396', '9', '0', '3', '2018-05-06 07:28:36', '2018-05-06 07:28:36'),
(287, 58, 2, 16, 9, 9, 891, 2, '1396', '6', '0', '2', '2018-05-06 07:28:36', '2018-05-06 07:28:36'),
(288, 58, 3, 16, 9, 9, 960, 2, '1395', '9', '0', '3', '2018-05-06 07:28:36', '2018-05-06 07:28:36'),
(289, 58, 7, 16, 27, 9, -7.519640853, 2, '1396', '6', '0', '2', '2018-05-06 07:28:36', '2018-05-06 07:28:36'),
(290, 58, 8, 16, 27, 9, -14.1666666667, 2, '1395', '9', '0', '3', '2018-05-06 07:28:36', '2018-05-06 07:28:36'),
(291, 59, 1, 16, 9, 9, 2298, 2, '1396', '9', '0', '3', '2018-05-06 07:28:36', '2018-05-06 07:28:36'),
(292, 59, 2, 16, 9, 9, 2458, 2, '1396', '6', '0', '2', '2018-05-06 07:28:36', '2018-05-06 07:28:36'),
(293, 59, 3, 16, 9, 9, 2970, 2, '1395', '9', '0', '3', '2018-05-06 07:28:36', '2018-05-06 07:28:36'),
(294, 59, 7, 16, 27, 9, -6.509357201, 2, '1396', '6', '0', '2', '2018-05-06 07:28:36', '2018-05-06 07:28:36'),
(295, 59, 8, 16, 27, 9, -22.6262626263, 2, '1395', '9', '0', '3', '2018-05-06 07:28:36', '2018-05-06 07:28:36'),
(296, 60, 1, 10, 13, 9, 250697, 2, '1396', '9', '0', '3', '2018-05-06 07:28:36', '2018-05-06 07:28:36'),
(297, 60, 2, 10, 13, 9, 289289, 2, '1396', '6', '0', '2', '2018-05-06 07:28:36', '2018-05-06 07:28:36'),
(298, 60, 3, 10, 13, 9, 238175, 2, '1395', '9', '0', '3', '2018-05-06 07:28:36', '2018-05-06 07:28:36'),
(299, 60, 7, 10, 27, 9, -13.3402929251, 2, '1396', '6', '0', '2', '2018-05-06 07:28:36', '2018-05-06 07:28:36'),
(300, 60, 8, 10, 27, 9, 5.2574787446, 2, '1395', '9', '0', '3', '2018-05-06 07:28:36', '2018-05-06 07:28:36'),
(301, 61, 1, 10, 14, 9, 14787, 2, '1396', '9', '0', '3', '2018-05-06 07:28:36', '2018-05-06 07:28:36'),
(302, 61, 2, 10, 14, 9, 16426, 2, '1396', '6', '0', '2', '2018-05-06 07:28:36', '2018-05-06 07:28:36'),
(303, 61, 3, 10, 14, 9, 14800, 2, '1395', '9', '0', '3', '2018-05-06 07:28:36', '2018-05-06 07:28:36'),
(304, 61, 7, 10, 27, 9, -9.9780835261, 2, '1396', '6', '0', '2', '2018-05-06 07:28:36', '2018-05-06 07:28:36'),
(305, 61, 8, 10, 27, 9, -0.0878378378, 2, '1395', '9', '0', '3', '2018-05-06 07:28:36', '2018-05-06 07:28:36'),
(306, 62, 1, 10, 14, 9, 9566, 2, '1396', '9', '0', '3', '2018-05-06 07:28:36', '2018-05-06 07:28:36'),
(307, 62, 2, 10, 14, 9, 2726, 2, '1396', '6', '0', '2', '2018-05-06 07:28:36', '2018-05-06 07:28:36'),
(308, 62, 3, 10, 14, 9, 11441, 2, '1395', '9', '0', '3', '2018-05-06 07:28:36', '2018-05-06 07:28:36'),
(309, 62, 7, 10, 27, 9, 250.9170946442, 2, '1396', '6', '0', '2', '2018-05-06 07:28:36', '2018-05-06 07:28:36'),
(310, 62, 8, 10, 27, 9, -16.388427585, 2, '1395', '9', '0', '3', '2018-05-06 07:28:36', '2018-05-06 07:28:36'),
(311, 63, 1, 10, 14, 9, 6004, 2, '1396', '9', '0', '3', '2018-05-06 07:28:36', '2018-05-06 07:28:36'),
(312, 63, 2, 10, 14, 9, 7146, 2, '1396', '6', '0', '2', '2018-05-06 07:28:36', '2018-05-06 07:28:36'),
(313, 63, 3, 10, 14, 9, 5016, 2, '1395', '9', '0', '3', '2018-05-06 07:28:36', '2018-05-06 07:28:36'),
(314, 63, 7, 10, 27, 9, -15.9809683739, 2, '1396', '6', '0', '2', '2018-05-06 07:28:36', '2018-05-06 07:28:36'),
(315, 63, 8, 10, 27, 9, 19.696969697, 2, '1395', '9', '0', '3', '2018-05-06 07:28:36', '2018-05-06 07:28:36'),
(316, 64, 1, 10, 14, 9, 145123, 2, '1396', '9', '0', '3', '2018-05-06 07:28:36', '2018-05-06 07:28:36'),
(317, 64, 2, 10, 14, 9, 102865, 2, '1396', '6', '0', '2', '2018-05-06 07:28:36', '2018-05-06 07:28:36'),
(318, 64, 3, 10, 14, 9, 117515, 2, '1395', '9', '0', '3', '2018-05-06 07:28:36', '2018-05-06 07:28:36'),
(319, 64, 7, 10, 27, 9, 41.0810285325, 2, '1396', '6', '0', '2', '2018-05-06 07:28:36', '2018-05-06 07:28:36'),
(320, 64, 8, 10, 27, 9, 23.4931710845, 2, '1395', '9', '0', '3', '2018-05-06 07:28:36', '2018-05-06 07:28:36'),
(321, 65, 1, 3, 15, 9, 4186, 2, '1396', '9', '0', '3', '2018-05-06 07:28:36', '2018-05-06 07:28:36'),
(322, 65, 2, 3, 15, 9, 4396, 2, '1396', '6', '0', '2', '2018-05-06 07:28:36', '2018-05-06 07:28:36'),
(323, 65, 3, 3, 15, 9, 3846, 2, '1395', '9', '0', '3', '2018-05-06 07:28:36', '2018-05-06 07:28:36'),
(324, 65, 7, 3, 27, 9, -4.7770700637, 2, '1396', '6', '0', '2', '2018-05-06 07:28:36', '2018-05-06 07:28:36'),
(325, 65, 8, 3, 27, 9, 8.8403536141, 2, '1395', '9', '0', '3', '2018-05-06 07:28:36', '2018-05-06 07:28:36'),
(326, 66, 1, 3, 16, 9, 1275, 2, '1396', '9', '0', '3', '2018-05-06 07:28:36', '2018-05-06 07:28:36'),
(327, 66, 2, 3, 16, 9, 1340, 2, '1396', '6', '0', '2', '2018-05-06 07:28:36', '2018-05-06 07:28:36'),
(328, 66, 3, 3, 16, 9, 1729, 2, '1395', '9', '0', '3', '2018-05-06 07:28:36', '2018-05-06 07:28:36'),
(329, 66, 7, 3, 27, 9, -4.8507462687, 2, '1396', '6', '0', '2', '2018-05-06 07:28:36', '2018-05-06 07:28:36'),
(330, 66, 8, 3, 27, 9, -26.2579525737, 2, '1395', '9', '0', '3', '2018-05-06 07:28:36', '2018-05-06 07:28:36'),
(331, 67, 1, 3, 2, 9, 3330, 2, '1396', '9', '0', '3', '2018-05-06 07:28:36', '2018-05-06 07:28:36'),
(332, 67, 2, 3, 2, 9, 2870, 2, '1396', '6', '0', '2', '2018-05-06 07:28:36', '2018-05-06 07:28:36'),
(333, 67, 3, 3, 2, 9, 1888, 2, '1395', '9', '0', '3', '2018-05-06 07:28:36', '2018-05-06 07:28:36'),
(334, 67, 7, 3, 27, 9, 16.0278745645, 2, '1396', '6', '0', '2', '2018-05-06 07:28:36', '2018-05-06 07:28:36'),
(335, 67, 8, 3, 27, 9, 76.3771186441, 2, '1395', '9', '0', '3', '2018-05-06 07:28:36', '2018-05-06 07:28:36'),
(336, 68, 1, 3, 9, 9, 54, 2, '1396', '9', '0', '3', '2018-05-06 07:28:36', '2018-05-06 07:28:36'),
(337, 68, 2, 3, 9, 9, 57, 2, '1396', '6', '0', '2', '2018-05-06 07:28:36', '2018-05-06 07:28:36'),
(338, 68, 3, 3, 9, 9, 60, 2, '1395', '9', '0', '3', '2018-05-06 07:28:36', '2018-05-06 07:28:36'),
(339, 68, 7, 3, 27, 9, -5.2631578947, 2, '1396', '6', '0', '2', '2018-05-06 07:28:36', '2018-05-06 07:28:36'),
(340, 68, 8, 3, 27, 9, -10, 2, '1395', '9', '0', '3', '2018-05-06 07:28:36', '2018-05-06 07:28:36'),
(341, 69, 1, 3, 4, 9, 174, 2, '1396', '9', '0', '3', '2018-05-06 07:28:36', '2018-05-06 07:28:36'),
(342, 69, 2, 3, 4, 9, 230, 2, '1396', '6', '0', '2', '2018-05-06 07:28:36', '2018-05-06 07:28:36'),
(343, 69, 3, 3, 4, 9, 396, 2, '1395', '9', '0', '3', '2018-05-06 07:28:36', '2018-05-06 07:28:36'),
(344, 69, 7, 3, 27, 9, -24.347826087, 2, '1396', '6', '0', '2', '2018-05-06 07:28:36', '2018-05-06 07:28:36'),
(345, 69, 8, 3, 27, 9, -56.0606060606, 2, '1395', '9', '0', '3', '2018-05-06 07:28:36', '2018-05-06 07:28:36'),
(346, 70, 1, 14, 17, 9, 198, 2, '1396', '9', '0', '3', '2018-05-06 07:28:36', '2018-05-06 07:28:36'),
(347, 70, 2, 14, 17, 9, 259, 2, '1396', '6', '0', '2', '2018-05-06 07:28:36', '2018-05-06 07:28:36'),
(348, 70, 3, 14, 17, 9, 219, 2, '1395', '9', '0', '3', '2018-05-06 07:28:36', '2018-05-06 07:28:36'),
(349, 70, 5, 14, 27, 9, -23.5521235521, 2, '1396', '6', '0', '2', '2018-05-06 07:28:36', '2018-05-06 07:28:36'),
(350, 70, 6, 14, 27, 9, -9.5890410959, 2, '1395', '9', '0', '3', '2018-05-06 07:28:36', '2018-05-06 07:28:36'),
(351, 71, 1, 14, 18, 9, 620, 2, '1396', '9', '0', '3', '2018-05-06 07:28:36', '2018-05-06 07:28:36'),
(352, 71, 2, 14, 18, 9, 628, 2, '1396', '6', '0', '2', '2018-05-06 07:28:36', '2018-05-06 07:28:36'),
(353, 71, 3, 14, 18, 9, 481, 2, '1395', '9', '0', '3', '2018-05-06 07:28:36', '2018-05-06 07:28:36'),
(354, 71, 5, 14, 27, 9, -1.2738853503, 2, '1396', '6', '0', '2', '2018-05-06 07:28:36', '2018-05-06 07:28:36'),
(355, 71, 6, 14, 27, 9, 28.8981288981, 2, '1395', '9', '0', '3', '2018-05-06 07:28:36', '2018-05-06 07:28:36'),
(356, 72, 1, 14, 18, 2, 0, 2, '1396', '9', '0', '3', '2018-05-06 07:28:36', '2018-05-06 07:28:36'),
(357, 72, 2, 14, 18, 2, 0, 2, '1396', '6', '0', '2', '2018-05-06 07:28:36', '2018-05-06 07:28:36'),
(358, 72, 3, 14, 18, 2, 0, 2, '1395', '9', '0', '3', '2018-05-06 07:28:36', '2018-05-06 07:28:36'),
(359, 72, 5, 14, 27, 2, 0, 2, '1396', '6', '0', '2', '2018-05-06 07:28:36', '2018-05-06 07:28:36'),
(360, 72, 6, 14, 27, 2, 0, 2, '1395', '9', '0', '3', '2018-05-06 07:28:36', '2018-05-06 07:28:36'),
(361, 73, 1, 21, 14, 9, 2860, 2, '1396', '9', '0', '3', '2018-05-06 07:28:36', '2018-05-06 07:28:36'),
(362, 73, 2, 21, 14, 9, 2433, 2, '1396', '6', '0', '2', '2018-05-06 07:28:36', '2018-05-06 07:28:36'),
(363, 73, 3, 21, 14, 9, 2510, 2, '1395', '9', '0', '3', '2018-05-06 07:28:36', '2018-05-06 07:28:36'),
(364, 73, 5, 21, 27, 9, 17.5503493629, 2, '1396', '6', '0', '2', '2018-05-06 07:28:36', '2018-05-06 07:28:36'),
(365, 73, 6, 21, 27, 9, 13.9442231076, 2, '1395', '9', '0', '3', '2018-05-06 07:28:36', '2018-05-06 07:28:36'),
(366, 74, 1, 21, 14, 9, 82190, 2, '1396', '9', '0', '3', '2018-05-06 07:28:36', '2018-05-06 07:28:36'),
(367, 74, 2, 21, 14, 9, 103203, 2, '1396', '6', '0', '2', '2018-05-06 07:28:36', '2018-05-06 07:28:36'),
(368, 74, 3, 21, 14, 9, 101510, 2, '1395', '9', '0', '3', '2018-05-06 07:28:36', '2018-05-06 07:28:36'),
(369, 74, 5, 21, 27, 9, -20.3608422236, 2, '1396', '6', '0', '2', '2018-05-06 07:28:36', '2018-05-06 07:28:36'),
(370, 74, 6, 21, 27, 9, -19.0326076249, 2, '1395', '9', '0', '3', '2018-05-06 07:28:36', '2018-05-06 07:28:36'),
(371, 75, 1, 21, 14, 9, 4750, 2, '1396', '9', '0', '3', '2018-05-06 07:28:36', '2018-05-06 07:28:36'),
(372, 75, 2, 21, 14, 9, 5500, 2, '1396', '6', '0', '2', '2018-05-06 07:28:36', '2018-05-06 07:28:36'),
(373, 75, 3, 21, 14, 9, 5200, 2, '1395', '9', '0', '3', '2018-05-06 07:28:36', '2018-05-06 07:28:36'),
(374, 75, 5, 21, 27, 9, -13.6363636364, 2, '1396', '6', '0', '2', '2018-05-06 07:28:36', '2018-05-06 07:28:36'),
(375, 75, 6, 21, 27, 9, -8.6538461538, 2, '1395', '9', '0', '3', '2018-05-06 07:28:36', '2018-05-06 07:28:36'),
(376, 76, 1, 21, 14, 9, 10175, 2, '1396', '9', '0', '3', '2018-05-06 07:28:36', '2018-05-06 07:28:36'),
(377, 76, 2, 21, 14, 9, 25825, 2, '1396', '6', '0', '2', '2018-05-06 07:28:36', '2018-05-06 07:28:36'),
(378, 76, 3, 21, 14, 9, 23000, 2, '1395', '9', '0', '3', '2018-05-06 07:28:36', '2018-05-06 07:28:36'),
(379, 76, 5, 21, 27, 9, -60.6001936108, 2, '1396', '6', '0', '2', '2018-05-06 07:28:36', '2018-05-06 07:28:36'),
(380, 76, 6, 21, 27, 9, -55.7608695652, 2, '1395', '9', '0', '3', '2018-05-06 07:28:36', '2018-05-06 07:28:36'),
(381, 77, 1, 11, 19, 9, 1326, 2, '1396', '9', '0', '3', '2018-05-06 07:28:36', '2018-05-06 07:28:36'),
(382, 77, 2, 11, 19, 9, 1025, 2, '1396', '6', '0', '2', '2018-05-06 07:28:36', '2018-05-06 07:28:36'),
(383, 77, 3, 11, 19, 9, 1354, 2, '1395', '9', '0', '3', '2018-05-06 07:28:36', '2018-05-06 07:28:36'),
(384, 77, 5, 11, 27, 9, 29.3658536585, 2, '1396', '6', '0', '2', '2018-05-06 07:28:36', '2018-05-06 07:28:36'),
(385, 77, 6, 11, 27, 9, -2.0679468242, 2, '1395', '9', '0', '3', '2018-05-06 07:28:36', '2018-05-06 07:28:36'),
(386, 78, 1, 11, 20, 9, 1025, 2, '1396', '9', '0', '3', '2018-05-06 07:28:36', '2018-05-06 07:28:36'),
(387, 78, 2, 11, 20, 9, 699, 2, '1396', '6', '0', '2', '2018-05-06 07:28:36', '2018-05-06 07:28:36'),
(388, 78, 3, 11, 20, 9, 831, 2, '1395', '9', '0', '3', '2018-05-06 07:28:36', '2018-05-06 07:28:36'),
(389, 78, 5, 11, 27, 9, 46.6380543634, 2, '1396', '6', '0', '2', '2018-05-06 07:28:36', '2018-05-06 07:28:36'),
(390, 78, 6, 11, 27, 9, 23.3453670277, 2, '1395', '9', '0', '3', '2018-05-06 07:28:36', '2018-05-06 07:28:36'),
(391, 79, 1, 11, 20, 9, 974, 2, '1396', '9', '0', '3', '2018-05-06 07:28:36', '2018-05-06 07:28:36'),
(392, 79, 2, 11, 20, 9, 666, 2, '1396', '6', '0', '2', '2018-05-06 07:28:36', '2018-05-06 07:28:36'),
(393, 79, 3, 11, 20, 9, 774, 2, '1395', '9', '0', '3', '2018-05-06 07:28:36', '2018-05-06 07:28:36'),
(394, 79, 5, 11, 27, 9, 46.2462462462, 2, '1396', '6', '0', '2', '2018-05-06 07:28:36', '2018-05-06 07:28:36'),
(395, 79, 6, 11, 27, 9, 25.8397932817, 2, '1395', '9', '0', '3', '2018-05-06 07:28:36', '2018-05-06 07:28:36'),
(396, 80, 1, 11, 20, 9, 51, 2, '1396', '9', '0', '3', '2018-05-06 07:28:36', '2018-05-06 07:28:36'),
(397, 80, 2, 11, 20, 9, 33, 2, '1396', '6', '0', '2', '2018-05-06 07:28:36', '2018-05-06 07:28:36'),
(398, 80, 3, 11, 20, 9, 57, 2, '1395', '9', '0', '3', '2018-05-06 07:28:36', '2018-05-06 07:28:36'),
(399, 80, 5, 11, 27, 9, 54.5454545455, 2, '1396', '6', '0', '2', '2018-05-06 07:28:36', '2018-05-06 07:28:36'),
(400, 80, 6, 11, 27, 9, -10.5263157895, 2, '1395', '9', '0', '3', '2018-05-06 07:28:36', '2018-05-06 07:28:36'),
(401, 81, 1, 18, 36, 9, 1072, 2, '1396', '9', '0', '3', '2018-05-06 07:28:36', '2018-05-06 07:28:36'),
(402, 81, 2, 18, 36, 9, 1072, 2, '1396', '6', '0', '2', '2018-05-06 07:28:36', '2018-05-06 07:28:36'),
(403, 81, 3, 18, 36, 9, 930, 2, '1395', '9', '0', '3', '2018-05-06 07:28:36', '2018-05-06 07:28:36'),
(404, 81, 7, 18, 27, 9, 0, 2, '1396', '6', '0', '2', '2018-05-06 07:28:36', '2018-05-06 07:28:36'),
(405, 81, 8, 18, 27, 9, 15.2688172043, 2, '1395', '9', '0', '3', '2018-05-06 07:28:36', '2018-05-06 07:28:36'),
(406, 82, 1, 18, 36, 9, 2246, 2, '1396', '9', '0', '3', '2018-05-06 07:28:36', '2018-05-06 07:28:36'),
(407, 82, 2, 18, 36, 9, 2246, 2, '1396', '6', '0', '2', '2018-05-06 07:28:36', '2018-05-06 07:28:36'),
(408, 82, 3, 18, 36, 9, 2232, 2, '1395', '9', '0', '3', '2018-05-06 07:28:36', '2018-05-06 07:28:36'),
(409, 82, 7, 18, 27, 9, 0, 2, '1396', '6', '0', '2', '2018-05-06 07:28:36', '2018-05-06 07:28:36'),
(410, 82, 8, 18, 27, 9, 0.6272401434, 2, '1395', '9', '0', '3', '2018-05-06 07:28:36', '2018-05-06 07:28:36'),
(411, 83, 1, 18, 36, 9, 372, 2, '1396', '9', '0', '3', '2018-05-06 07:28:36', '2018-05-06 07:28:36'),
(412, 83, 2, 18, 36, 9, 372, 2, '1396', '6', '0', '2', '2018-05-06 07:28:36', '2018-05-06 07:28:36'),
(413, 83, 3, 18, 36, 9, 372, 2, '1395', '9', '0', '3', '2018-05-06 07:28:36', '2018-05-06 07:28:36'),
(414, 83, 7, 18, 27, 9, 0, 2, '1396', '6', '0', '2', '2018-05-06 07:28:36', '2018-05-06 07:28:36'),
(415, 83, 8, 18, 27, 9, 0, 2, '1395', '9', '0', '3', '2018-05-06 07:28:36', '2018-05-06 07:28:36'),
(416, 84, 1, 18, 36, 9, 995, 2, '1396', '9', '0', '3', '2018-05-06 07:28:36', '2018-05-06 07:28:36'),
(417, 84, 2, 18, 36, 9, 994, 2, '1396', '6', '0', '2', '2018-05-06 07:28:36', '2018-05-06 07:28:36'),
(418, 84, 3, 18, 36, 9, 930, 2, '1395', '9', '0', '3', '2018-05-06 07:28:36', '2018-05-06 07:28:36'),
(419, 84, 7, 18, 27, 9, 0.1006036217, 2, '1396', '6', '0', '2', '2018-05-06 07:28:36', '2018-05-06 07:28:36'),
(420, 84, 8, 18, 27, 9, 6.9892473118, 2, '1395', '9', '0', '3', '2018-05-06 07:28:36', '2018-05-06 07:28:36'),
(421, 85, 1, 34, 4, 2, 0, 2, '1396', '9', '0', '3', '2018-05-06 07:28:36', '2018-05-06 07:28:36'),
(422, 85, 2, 34, 4, 9, 1312, 2, '1396', '6', '0', '2', '2018-05-06 07:28:36', '2018-05-06 07:28:36'),
(423, 85, 3, 34, 4, 2, 0, 2, '1395', '9', '0', '3', '2018-05-06 07:28:36', '2018-05-06 07:28:36'),
(424, 85, 7, 34, 27, 2, 0, 2, '1396', '6', '0', '2', '2018-05-06 07:28:36', '2018-05-06 07:28:36'),
(425, 85, 8, 34, 27, 2, 0, 2, '1395', '9', '0', '3', '2018-05-06 07:28:36', '2018-05-06 07:28:36'),
(426, 86, 1, 34, 4, 2, 0, 2, '1396', '9', '0', '3', '2018-05-06 07:28:36', '2018-05-06 07:28:36'),
(427, 86, 2, 34, 4, 2, 0, 2, '1396', '6', '0', '2', '2018-05-06 07:28:36', '2018-05-06 07:28:36'),
(428, 86, 3, 34, 4, 2, 0, 2, '1395', '9', '0', '3', '2018-05-06 07:28:36', '2018-05-06 07:28:36'),
(429, 86, 7, 34, 27, 2, 0, 2, '1396', '6', '0', '2', '2018-05-06 07:28:36', '2018-05-06 07:28:36'),
(430, 86, 8, 34, 27, 2, 0, 2, '1395', '9', '0', '3', '2018-05-06 07:28:36', '2018-05-06 07:28:36'),
(431, 87, 1, 34, 4, 9, 3245, 2, '1396', '9', '0', '3', '2018-05-06 07:28:36', '2018-05-06 07:28:36'),
(432, 87, 2, 34, 4, 9, 2118, 2, '1396', '6', '0', '2', '2018-05-06 07:28:36', '2018-05-06 07:28:36'),
(433, 87, 3, 34, 4, 9, 3529, 2, '1395', '9', '0', '3', '2018-05-06 07:28:36', '2018-05-06 07:28:36'),
(434, 87, 7, 34, 27, 9, 53.2105760151, 2, '1396', '6', '0', '2', '2018-05-06 07:28:36', '2018-05-06 07:28:36'),
(435, 87, 8, 34, 27, 9, -8.047605554, 2, '1395', '9', '0', '3', '2018-05-06 07:28:36', '2018-05-06 07:28:36'),
(436, 88, 1, 34, 4, 2, 0, 2, '1396', '9', '0', '3', '2018-05-06 07:28:36', '2018-05-06 07:28:36'),
(437, 88, 2, 34, 4, 2, 0, 2, '1396', '6', '0', '2', '2018-05-06 07:28:36', '2018-05-06 07:28:36'),
(438, 88, 3, 34, 4, 2, 0, 2, '1395', '9', '0', '3', '2018-05-06 07:28:36', '2018-05-06 07:28:36'),
(439, 88, 7, 34, 27, 2, 0, 2, '1396', '6', '0', '2', '2018-05-06 07:28:36', '2018-05-06 07:28:36'),
(440, 88, 8, 34, 27, 2, 0, 2, '1395', '9', '0', '3', '2018-05-06 07:28:36', '2018-05-06 07:28:36'),
(441, 89, 1, 9, 12, 9, 12623, 2, '1396', '9', '0', '3', '2018-05-06 07:28:36', '2018-05-06 07:28:36'),
(442, 89, 2, 9, 12, 9, 12528, 2, '1396', '6', '0', '2', '2018-05-06 07:28:36', '2018-05-06 07:28:36'),
(443, 89, 3, 9, 12, 9, 12338, 2, '1395', '9', '0', '3', '2018-05-06 07:28:36', '2018-05-06 07:28:36'),
(444, 89, 7, 9, 27, 9, 0.7583014049, 2, '1396', '6', '0', '2', '2018-05-06 07:28:36', '2018-05-06 07:28:36'),
(445, 89, 8, 9, 27, 9, 2.3099367807, 2, '1395', '9', '0', '3', '2018-05-06 07:28:36', '2018-05-06 07:28:36'),
(446, 90, 1, 9, 37, 9, 2912, 2, '1396', '9', '0', '3', '2018-05-06 07:28:36', '2018-05-06 07:28:36'),
(447, 90, 2, 9, 37, 9, 2876, 2, '1396', '6', '0', '2', '2018-05-06 07:28:36', '2018-05-06 07:28:36'),
(448, 90, 3, 9, 37, 9, 2812, 2, '1395', '9', '0', '3', '2018-05-06 07:28:36', '2018-05-06 07:28:36'),
(449, 90, 7, 9, 27, 9, 1.2517385257, 2, '1396', '6', '0', '2', '2018-05-06 07:28:36', '2018-05-06 07:28:36'),
(450, 90, 8, 9, 27, 9, 3.5561877667, 2, '1395', '9', '0', '3', '2018-05-06 07:28:36', '2018-05-06 07:28:36'),
(451, 91, 1, 9, 38, 9, 1604, 2, '1396', '9', '0', '3', '2018-05-06 07:28:36', '2018-05-06 07:28:36'),
(452, 91, 2, 9, 38, 9, 1875, 2, '1396', '6', '0', '2', '2018-05-06 07:28:36', '2018-05-06 07:28:36'),
(453, 91, 3, 9, 38, 9, 1443, 2, '1395', '9', '0', '3', '2018-05-06 07:28:36', '2018-05-06 07:28:36'),
(454, 91, 7, 9, 27, 9, -14.4533333333, 2, '1396', '6', '0', '2', '2018-05-06 07:28:36', '2018-05-06 07:28:36'),
(455, 91, 8, 9, 27, 9, 11.1573111573, 2, '1395', '9', '0', '3', '2018-05-06 07:28:36', '2018-05-06 07:28:36'),
(456, 92, 1, 9, 27, 9, 33.3, 2, '1396', '9', '0', '3', '2018-05-06 07:28:36', '2018-05-06 07:28:36'),
(457, 92, 2, 9, 27, 9, 38.5, 2, '1396', '6', '0', '2', '2018-05-06 07:28:36', '2018-05-06 07:28:36'),
(458, 92, 3, 9, 27, 9, 35.5, 2, '1395', '9', '0', '3', '2018-05-06 07:28:36', '2018-05-06 07:28:36'),
(459, 92, 7, 9, 27, 9, -5.2, 2, '1396', '6', '0', '2', '2018-05-06 07:28:36', '2018-05-06 07:28:36'),
(460, 92, 8, 9, 27, 9, -2.2, 2, '1395', '9', '0', '3', '2018-05-06 07:28:36', '2018-05-06 07:28:36'),
(461, 93, 1, 9, 27, 9, 31.4, 2, '1396', '9', '0', '3', '2018-05-06 07:28:36', '2018-05-06 07:28:36'),
(462, 93, 2, 9, 27, 9, 24.2, 2, '1396', '6', '0', '2', '2018-05-06 07:28:36', '2018-05-06 07:28:36'),
(463, 93, 3, 9, 27, 9, 3.4, 2, '1395', '9', '0', '3', '2018-05-06 07:28:36', '2018-05-06 07:28:36'),
(464, 93, 7, 9, 27, 9, 7.2, 2, '1396', '6', '0', '2', '2018-05-06 07:28:36', '2018-05-06 07:28:36'),
(465, 93, 8, 9, 27, 9, 28, 2, '1395', '9', '0', '3', '2018-05-06 07:28:36', '2018-05-06 07:28:36'),
(466, 94, 1, 9, 27, 9, 9.9, 2, '1396', '9', '0', '3', '2018-05-06 07:28:36', '2018-05-06 07:28:36'),
(467, 94, 2, 9, 27, 9, 10.6, 2, '1396', '6', '0', '2', '2018-05-06 07:28:36', '2018-05-06 07:28:36'),
(468, 94, 3, 9, 27, 9, 9.9, 2, '1395', '9', '0', '3', '2018-05-06 07:28:36', '2018-05-06 07:28:36'),
(469, 94, 7, 9, 27, 9, -0.7, 2, '1396', '6', '0', '2', '2018-05-06 07:28:36', '2018-05-06 07:28:36'),
(470, 94, 8, 9, 27, 9, 0, 2, '1395', '9', '0', '3', '2018-05-06 07:28:36', '2018-05-06 07:28:36'),
(471, 95, 1, 9, 39, 9, 1270180, 2, '1396', '9', '0', '3', '2018-05-06 07:28:36', '2018-05-06 07:28:36'),
(472, 95, 2, 9, 39, 9, 1261936, 2, '1396', '6', '0', '2', '2018-05-06 07:28:36', '2018-05-06 07:28:36'),
(473, 95, 3, 9, 39, 9, 1238919, 2, '1395', '9', '0', '3', '2018-05-06 07:28:36', '2018-05-06 07:28:36'),
(474, 95, 7, 9, 27, 9, 0.6532819414, 2, '1396', '6', '0', '2', '2018-05-06 07:28:36', '2018-05-06 07:28:36'),
(475, 95, 8, 9, 27, 9, 2.5232480897, 2, '1395', '9', '0', '3', '2018-05-06 07:28:36', '2018-05-06 07:28:36'),
(476, 96, 1, 9, 39, 9, 1029109, 2, '1396', '9', '0', '3', '2018-05-06 07:28:36', '2018-05-06 07:28:36'),
(477, 96, 2, 9, 39, 9, 1023270, 2, '1396', '6', '0', '2', '2018-05-06 07:28:36', '2018-05-06 07:28:36'),
(478, 96, 3, 9, 39, 9, 1007322, 2, '1395', '9', '0', '3', '2018-05-06 07:28:36', '2018-05-06 07:28:36'),
(479, 96, 7, 9, 27, 9, 0.5706216346, 2, '1396', '6', '0', '2', '2018-05-06 07:28:36', '2018-05-06 07:28:36'),
(480, 96, 8, 9, 27, 9, 2.1628635134, 2, '1395', '9', '0', '3', '2018-05-06 07:28:36', '2018-05-06 07:28:36'),
(481, 97, 1, 9, 39, 9, 85333, 2, '1396', '9', '0', '3', '2018-05-06 07:28:36', '2018-05-06 07:28:36'),
(482, 97, 2, 9, 39, 9, 84532, 2, '1396', '6', '0', '2', '2018-05-06 07:28:36', '2018-05-06 07:28:36'),
(483, 97, 3, 9, 39, 9, 81612, 2, '1395', '9', '0', '3', '2018-05-06 07:28:36', '2018-05-06 07:28:36'),
(484, 97, 7, 9, 27, 9, 0.9475701509, 2, '1396', '6', '0', '2', '2018-05-06 07:28:36', '2018-05-06 07:28:36'),
(485, 97, 8, 9, 27, 9, 4.5593785228, 2, '1395', '9', '0', '3', '2018-05-06 07:28:36', '2018-05-06 07:28:36'),
(486, 98, 1, 9, 39, 9, 144383, 2, '1396', '9', '0', '3', '2018-05-06 07:28:36', '2018-05-06 07:28:36'),
(487, 98, 2, 9, 39, 9, 142960, 2, '1396', '6', '0', '2', '2018-05-06 07:28:36', '2018-05-06 07:28:36');
INSERT INTO `indicator` (`id`, `row_title_id`, `col_title_id`, `table_name`, `unit_id`, `mark_id`, `amount`, `is_urban`, `persian_year`, `persian_month`, `persian_day`, `persian_season`, `created_date`, `modified_date`) VALUES
(488, 98, 3, 9, 39, 9, 139263, 2, '1395', '9', '0', '3', '2018-05-06 07:28:36', '2018-05-06 07:28:36'),
(489, 98, 7, 9, 27, 9, 0.995383324, 2, '1396', '6', '0', '2', '2018-05-06 07:28:36', '2018-05-06 07:28:36'),
(490, 98, 8, 9, 27, 9, 3.6764969877, 2, '1395', '9', '0', '3', '2018-05-06 07:28:36', '2018-05-06 07:28:36'),
(491, 99, 1, 9, 39, 9, 6446, 2, '1396', '9', '0', '3', '2018-05-06 07:28:36', '2018-05-06 07:28:36'),
(492, 99, 2, 9, 39, 9, 6324, 2, '1396', '6', '0', '2', '2018-05-06 07:28:36', '2018-05-06 07:28:36'),
(493, 99, 3, 9, 39, 9, 6040, 2, '1395', '9', '0', '3', '2018-05-06 07:28:36', '2018-05-06 07:28:36'),
(494, 99, 7, 9, 27, 9, 1.9291587603, 2, '1396', '6', '0', '2', '2018-05-06 07:28:36', '2018-05-06 07:28:36'),
(495, 99, 8, 9, 27, 9, 6.7218543046, 2, '1395', '9', '0', '3', '2018-05-06 07:28:36', '2018-05-06 07:28:36'),
(496, 100, 1, 9, 39, 9, 4909, 2, '1396', '9', '0', '3', '2018-05-06 07:28:36', '2018-05-06 07:28:36'),
(497, 100, 2, 9, 39, 9, 4850, 2, '1396', '6', '0', '2', '2018-05-06 07:28:36', '2018-05-06 07:28:36'),
(498, 100, 3, 9, 39, 9, 4682, 2, '1395', '9', '0', '3', '2018-05-06 07:28:36', '2018-05-06 07:28:36'),
(499, 100, 7, 9, 27, 9, 1.2164948454, 2, '1396', '6', '0', '2', '2018-05-06 07:28:36', '2018-05-06 07:28:36'),
(500, 100, 8, 9, 27, 9, 4.8483554037, 2, '1395', '9', '0', '3', '2018-05-06 07:28:36', '2018-05-06 07:28:36'),
(501, 101, 1, 9, 40, 9, 173, 2, '1396', '9', '0', '3', '2018-05-06 07:28:36', '2018-05-06 07:28:36'),
(502, 101, 2, 9, 40, 9, 235, 2, '1396', '6', '0', '2', '2018-05-06 07:28:36', '2018-05-06 07:28:36'),
(503, 101, 3, 9, 40, 9, 169, 2, '1395', '9', '0', '3', '2018-05-06 07:28:36', '2018-05-06 07:28:36'),
(504, 101, 7, 9, 27, 9, -26.3829787234, 2, '1396', '6', '0', '2', '2018-05-06 07:28:36', '2018-05-06 07:28:36'),
(505, 101, 8, 9, 27, 9, 2.3668639053, 2, '1395', '9', '0', '3', '2018-05-06 07:28:36', '2018-05-06 07:28:36'),
(506, 102, 1, 9, 27, 9, 100, 2, '1396', '9', '0', '3', '2018-05-06 07:28:36', '2018-05-06 07:28:36'),
(507, 102, 2, 9, 27, 9, 100, 2, '1396', '6', '0', '2', '2018-05-06 07:28:36', '2018-05-06 07:28:36'),
(508, 102, 3, 9, 27, 9, 100, 2, '1395', '9', '0', '3', '2018-05-06 07:28:36', '2018-05-06 07:28:36'),
(509, 102, 7, 9, 27, 9, 0, 2, '1396', '6', '0', '2', '2018-05-06 07:28:36', '2018-05-06 07:28:36'),
(510, 102, 8, 9, 27, 9, 0, 2, '1395', '9', '0', '3', '2018-05-06 07:28:36', '2018-05-06 07:28:36');

--
-- Triggers `indicator`
--
DELIMITER $$
CREATE TRIGGER `indicator_before_insert_created_date` BEFORE INSERT ON `indicator` FOR EACH ROW BEGIN
  SET NEW.created_date = CURRENT_TIMESTAMP;
END
$$
DELIMITER ;

-- --------------------------------------------------------

--
-- Table structure for table `indicator_table`
--

CREATE TABLE `indicator_table` (
  `id` int(11) NOT NULL,
  `name` varchar(50) COLLATE utf8_unicode_ci DEFAULT NULL,
  `parent_id` int(11) DEFAULT NULL,
  `created_date` timestamp NULL DEFAULT NULL,
  `modified_date` timestamp NOT NULL DEFAULT CURRENT_TIMESTAMP ON UPDATE CURRENT_TIMESTAMP
) ENGINE=InnoDB DEFAULT CHARSET=utf8 COLLATE=utf8_unicode_ci;

--
-- Dumping data for table `indicator_table`
--

INSERT INTO `indicator_table` (`id`, `name`, `parent_id`, `created_date`, `modified_date`) VALUES
(0, 'رده پیش‌فرض', 99, '2018-04-18 08:37:43', '2018-04-18 09:31:37'),
(1, 'مالی و پولی ', 0, '2018-04-18 08:37:00', '2018-04-22 07:26:26'),
(2, 'بانک‌ها', 1, '2018-04-18 08:37:00', '2018-04-18 08:37:00'),
(3, 'بورس', 1, '2018-04-18 08:37:00', '2018-04-18 08:37:00'),
(4, 'مالیات‌ها', 1, '2018-04-18 08:37:00', '2018-04-18 08:37:00'),
(5, 'بیمه', 1, '2018-04-18 08:37:00', '2018-04-18 08:37:00'),
(6, 'نیروی انسانی ', 0, '2018-04-18 08:37:00', '2018-04-21 09:09:39'),
(7, 'جمعیتی ', 0, '2018-04-18 08:37:00', '2018-04-21 07:23:35'),
(8, 'انرژی ', 0, '2018-04-18 08:37:00', '2018-04-21 07:23:37'),
(9, 'برق', 8, '2018-04-18 08:37:00', '2018-04-18 08:37:00'),
(10, 'نفت', 8, '2018-04-18 08:37:00', '2018-04-18 08:37:00'),
(11, 'گاز', 8, '2018-04-18 08:37:00', '2018-04-18 08:37:00'),
(12, 'آب', 8, '2018-04-18 08:37:00', '2018-04-18 08:37:00'),
(13, 'حمل و نقل ', 0, '2018-04-18 08:37:00', '2018-04-21 07:23:38'),
(14, 'جاده‌ای', 13, '2018-04-18 08:37:00', '2018-04-18 08:37:00'),
(15, 'ارتباطات ', 0, '2018-04-18 08:37:00', '2018-04-21 07:23:40'),
(16, 'پست', 15, '2018-04-18 08:37:00', '2018-04-18 08:37:00'),
(17, 'مخابرات', 15, '2018-04-18 08:37:00', '2018-04-18 08:37:00'),
(18, 'صدا و سیما ', 0, '2018-04-18 08:37:00', '2018-04-21 07:23:41'),
(19, 'صنعت و معدن ', 0, '2018-04-18 08:37:00', '2018-04-21 07:23:44'),
(20, 'بازرگانی', 19, '2018-04-18 08:37:00', '2018-06-09 06:06:35'),
(21, 'کشاورزی ', 0, '2018-04-18 08:37:00', '2018-04-21 07:23:46'),
(22, 'قضایی ', 0, '2018-04-18 08:37:00', '2018-04-21 07:23:47'),
(23, 'اداره کل ثبت اسناد و املاک', 22, '2018-04-18 08:37:00', '2018-04-21 10:09:09'),
(24, 'ناحیه انتظامی', 22, '2018-04-18 08:37:00', '2018-04-21 10:09:29'),
(25, 'بهزیستی ', 0, '2018-04-18 08:37:00', '2018-04-21 07:23:59'),
(26, 'اداره کل بهزیستی', 25, '2018-04-18 08:37:00', '2018-04-18 08:37:00'),
(27, 'کمیتهٔ امداد امام خمینی (ره)', 25, '2018-04-18 08:37:00', '2018-04-21 10:09:52'),
(28, 'خدمات درمانی ', 0, '2018-04-18 08:37:00', '2018-04-21 07:24:02'),
(29, 'بیمه سلامت', 28, '2018-04-18 08:37:00', '2018-04-18 08:37:00'),
(30, 'بیمه تامین اجتماعی', 28, '2018-04-18 08:37:00', '2018-04-18 08:37:00'),
(31, 'فرهنگی ', 0, '2018-04-18 08:37:00', '2018-04-21 07:24:04'),
(32, 'کتابخانه‌های عمومی', 31, '2018-04-18 08:37:00', '2018-04-18 08:37:00'),
(33, 'اداره کل فرهنگ و ارشاد اسلامی', 31, '2018-04-18 08:37:00', '2018-04-18 08:37:00'),
(34, 'حج و زیارت', 31, '2018-04-18 08:37:00', '2018-04-18 08:37:00'),
(35, 'تربیت بدنی ', 0, '2018-04-18 08:37:00', '2018-04-21 07:24:06'),
(36, 'زندان‌ها', 22, '2018-04-18 08:37:00', '2018-04-18 08:37:00'),
(37, 'سازمان صنعت و معدن', 19, '2018-04-21 10:08:14', '2018-04-21 10:08:14');

--
-- Triggers `indicator_table`
--
DELIMITER $$
CREATE TRIGGER `indicator_table_before_insert_created_date` BEFORE INSERT ON `indicator_table` FOR EACH ROW BEGIN
  SET NEW.created_date = CURRENT_TIMESTAMP;
END
$$
DELIMITER ;

-- --------------------------------------------------------

--
-- Table structure for table `keys`
--

CREATE TABLE `keys` (
  `id` int(11) NOT NULL,
  `key` varchar(40) COLLATE utf8_unicode_ci NOT NULL,
  `level` int(2) NOT NULL,
  `ignore_limits` tinyint(1) NOT NULL DEFAULT '0',
  `date_created` int(11) NOT NULL
) ENGINE=InnoDB DEFAULT CHARSET=utf8 COLLATE=utf8_unicode_ci;

--
-- Dumping data for table `keys`
--

INSERT INTO `keys` (`id`, `key`, `level`, `ignore_limits`, `date_created`) VALUES
(1, '4ebcacbad345123456ecba096dcb2e36ac5f139b', 1, 0, 0),
(5, 'b2fe82e0-3b13-11e8-b49c-18037385fd0e', 2, 0, 14);

-- --------------------------------------------------------

--
-- Table structure for table `marks`
--

CREATE TABLE `marks` (
  `id` int(11) NOT NULL,
  `mark` char(3) COLLATE utf8_unicode_ci DEFAULT NULL,
  `description` varchar(200) COLLATE utf8_unicode_ci DEFAULT NULL,
  `created_date` timestamp NULL DEFAULT NULL,
  `modified_date` timestamp NOT NULL DEFAULT CURRENT_TIMESTAMP ON UPDATE CURRENT_TIMESTAMP
) ENGINE=InnoDB DEFAULT CHARSET=utf8 COLLATE=utf8_unicode_ci;

--
-- Dumping data for table `marks`
--

INSERT INTO `marks` (`id`, `mark`, `description`, `created_date`, `modified_date`) VALUES
(1, '-', 'آمار گرد آوری نشده‌است.', '2018-04-11 03:36:57', '2018-06-11 07:14:26'),
(2, '...', 'آمار در دسترس نیست.', '2018-04-11 03:36:57', '2018-04-15 07:59:09'),
(3, 'x', 'صفاتی که ذاتا یا عملا وجود ندارد.', '2018-04-11 03:36:57', '2018-04-13 07:24:40'),
(4, 'xx', 'جمع یا محاسبه غیرممکن یا بی‌معنی است.', '2018-04-11 03:36:57', '2018-04-15 10:15:06'),
(5, '//', 'رقم کمتر از نصف واحد است، یا ناچیز و قابل صرف‌نظر کردن است.', '2018-04-11 03:36:57', '2018-04-13 10:39:32'),
(6, '*', 'رقم غیرقطعی است.', '2018-04-11 03:36:57', '2018-04-13 10:39:37'),
(7, '**', 'رقم جنبهٔ تخمینی دارد.', '2018-04-11 03:36:57', '2018-04-13 10:38:55'),
(8, 'Ø', 'به دلیل حفظ محرمانگی رقم قابل انتشار نیست.', '2018-04-11 03:36:57', '2018-04-14 15:44:52'),
(9, '0', 'مشکلی نیست.', '2018-04-11 03:36:57', '2018-04-21 03:12:13');

--
-- Triggers `marks`
--
DELIMITER $$
CREATE TRIGGER `marks_before_insert_created_date` BEFORE INSERT ON `marks` FOR EACH ROW BEGIN
  SET NEW.created_date = CURRENT_TIMESTAMP;
END
$$
DELIMITER ;

-- --------------------------------------------------------

--
-- Table structure for table `row_title`
--

CREATE TABLE `row_title` (
  `id` int(11) NOT NULL,
  `name` varchar(100) COLLATE utf8_unicode_ci DEFAULT NULL,
  `indicator_table_id` int(11) NOT NULL,
  `created_date` timestamp NULL DEFAULT NULL,
  `modified_date` timestamp NOT NULL DEFAULT CURRENT_TIMESTAMP ON UPDATE CURRENT_TIMESTAMP
) ENGINE=InnoDB DEFAULT CHARSET=utf8 COLLATE=utf8_unicode_ci;

--
-- Dumping data for table `row_title`
--

INSERT INTO `row_title` (`id`, `name`, `indicator_table_id`, `created_date`, `modified_date`) VALUES
(1, 'تعداد کتابخانه های عمومی', 32, '2018-04-18 09:31:44', '2018-04-18 09:31:44'),
(2, 'تعداد اعضای کتابخانه  های عمومی', 32, '2018-04-18 09:31:44', '2018-04-18 09:31:44'),
(3, 'تعداد امانات', 32, '2018-04-18 09:31:44', '2018-04-18 09:31:44'),
(4, 'تعداد مراجعین', 32, '2018-04-18 09:31:44', '2018-04-18 09:31:44'),
(5, 'تعداد صندلی', 32, '2018-04-18 09:31:44', '2018-04-18 09:31:44'),
(6, '     تعداد مستمري‌بگيران تحت ‌پوشش‌ كميته‌ي امداد امام خميني استان البرز ', 27, '2018-04-18 09:31:44', '2018-04-18 09:31:44'),
(7, 'تعداد خانوار با سرپرست زن تحت پوشش كميته‌ي امداد امام خميني استان البرز  ', 27, '2018-04-18 09:31:44', '2018-04-18 09:31:44'),
(8, 'تعداد بيمه‌شدگان تحت پوشش كميته‌ي امداد           امام خميني استان البرز ', 27, '2018-04-18 09:31:44', '2018-04-18 09:31:44'),
(9, 'تعداد عناوين كتاب‌هاي منتشر‌شده', 31, '2018-04-18 09:31:44', '2018-04-18 09:31:44'),
(10, 'تعداد شمارگان كتاب‌هاي منتشر‌شده', 31, '2018-04-18 09:31:44', '2018-04-18 09:31:44'),
(11, 'تعداد عناوين كتاب هاي تاليف شده', 31, '2018-04-18 09:31:44', '2018-04-18 09:31:44'),
(12, 'تعداد عناوين كتاب هاي ترجمه شده', 31, '2018-04-18 09:31:44', '2018-04-18 09:31:44'),
(13, 'تعداد عناوين نشريات', 31, '2018-04-18 09:31:44', '2018-04-18 09:31:44'),
(14, 'تعداد شمارگان نشريات', 31, '2018-04-18 09:31:44', '2018-04-18 09:31:44'),
(15, 'تعداد عناوین مطبوعات انتشار یافته', 31, '2018-04-18 09:31:44', '2018-04-18 09:31:44'),
(16, 'تعداد شمارگان مطبوعات انتشار یافته', 31, '2018-04-18 09:31:44', '2018-04-18 09:31:44'),
(17, 'تعداد عناوین مجله ها', 31, '2018-04-18 09:31:44', '2018-04-18 09:31:44'),
(18, 'تعداد شمارگان مجله ها', 31, '2018-04-18 09:31:44', '2018-04-18 09:31:44'),
(19, 'تعداد کتابخانه های عمومی', 31, '2018-04-18 09:31:44', '2018-04-18 09:31:44'),
(20, 'تعداد اعضای کتابخانه  های عمومی', 31, '2018-04-18 09:31:44', '2018-04-18 09:31:44'),
(21, 'تعداد کانون‌های فرهنگی و هنری مساجد', 31, '2018-04-18 09:31:44', '2018-04-18 09:31:44'),
(22, 'تعداد سینما', 31, '2018-04-18 09:31:44', '2018-04-18 09:31:44'),
(23, 'ضریب نقوذ تلفن ثابت', 17, '2018-04-18 09:31:44', '2018-04-18 09:31:44'),
(24, 'تعداد تلفن های ثابت منصوبه دولتی ', 17, '2018-04-18 09:31:44', '2018-04-18 09:31:44'),
(25, 'تعداد تلفن های ثابت مشغول به کار (دایری) دولتی ', 17, '2018-04-18 09:31:44', '2018-04-18 09:31:44'),
(26, 'تعداد تلفن های مشغول به کار (دایری)', 17, '2018-04-18 09:31:44', '2018-04-18 09:31:44'),
(27, 'روستاهای دارای ارتباط ', 17, '2018-04-18 09:31:44', '2018-04-18 09:31:44'),
(28, 'دفاتر ICT روستایی بهره برداری شده ', 17, '2018-04-18 09:31:44', '2018-04-18 09:31:44'),
(29, 'پورت دسترسی دایر شده', 17, '2018-04-18 09:31:44', '2018-04-18 09:31:44'),
(30, 'ضریب نفوذ تلفن همراه', 17, '2018-04-18 09:31:44', '2018-04-18 09:31:44'),
(31, 'تعداد ورزشكاران سازمان يافته', 35, '2018-04-18 09:31:44', '2018-04-18 09:31:44'),
(32, 'تعداد مردان ورزشكار سازمان يافته', 35, '2018-04-18 09:31:44', '2018-04-18 09:31:44'),
(33, 'تعداد زنان ورزشكار سازمان يافته', 35, '2018-04-18 09:31:44', '2018-04-18 09:31:44'),
(34, 'تعداد ورزشکاران قهرمانی', 35, '2018-04-18 09:31:44', '2018-04-18 09:31:44'),
(35, 'تعداد اماکن ورزشی مورد بهره برداری تحت پوشش اداره کل ورزش و جوانان /', 35, '2018-04-18 09:31:44', '2018-04-18 09:31:44'),
(36, 'تعداد انشعاب‌هاي جديد نصب شده ', 12, '2018-04-18 09:31:44', '2018-04-18 09:31:44'),
(37, 'خانگي', 12, '2018-04-18 09:31:44', '2018-04-18 09:31:44'),
(38, 'تجاري و صنعتي', 12, '2018-04-18 09:31:44', '2018-04-18 09:31:44'),
(39, 'ساير مشتركين', 12, '2018-04-18 09:31:44', '2018-04-18 09:31:44'),
(40, 'حجم كل آب توليدي', 12, '2018-04-18 09:31:44', '2018-04-18 09:31:44'),
(41, 'حجم آب تولیدی زیرزمینی', 12, '2018-04-18 09:31:44', '2018-04-18 09:31:44'),
(42, 'حجم آب تولیدی سطحی', 12, '2018-04-18 09:31:44', '2018-04-18 09:31:44'),
(43, 'توسعه شبكه', 12, '2018-04-18 09:31:44', '2018-04-18 09:31:44'),
(44, 'اصلاح شبكه', 12, '2018-04-18 09:31:44', '2018-04-18 09:31:44'),
(45, 'توسعه خطوط جمع‌آوري فاضلاب', 12, '2018-04-18 09:31:44', '2018-04-18 09:31:44'),
(46, 'تعداد انشعاب‌هاي جديد نصب شده فاضلاب ', 12, '2018-04-18 09:31:44', '2018-04-18 09:31:44'),
(47, 'خانگي', 12, '2018-04-18 09:31:44', '2018-04-18 09:31:44'),
(48, 'تجاري و صنعتي', 12, '2018-04-18 09:31:44', '2018-04-18 09:31:44'),
(49, 'ساير مشتركين', 12, '2018-04-18 09:31:44', '2018-04-18 09:31:44'),
(50, 'تعداد خانوارهاي مستمري‌بگير تحت‌ پوشش‌ اداره کل بهزيستي استان ', 26, '2018-04-18 09:31:44', '2018-04-18 09:31:44'),
(51, 'تعداد افراد مستمري‌بگير خانوارهاي تحت پوشش اداره کل بهزیستی استان ', 26, '2018-04-18 09:31:44', '2018-04-18 09:31:44'),
(52, 'تعداد معتادان خدمت‌گيرنده از اداره کل بهزیستی استان', 26, '2018-04-18 09:31:44', '2018-04-18 09:31:44'),
(53, 'تعداد معلولان تحت پوشش اداره کل بهزیستی استان', 26, '2018-04-18 09:31:44', '2018-04-18 09:31:44'),
(54, 'تعداد سالمندان نگهداري‌شده در مراكز تحت پوشش اداره کل بهزیستی استان', 26, '2018-04-18 09:31:44', '2018-04-18 09:31:44'),
(55, 'تعداد كودكان بي‌سرپرست نگهداري‌شده در مراكز تحت پوشش اداره کل بهزیستی استان', 26, '2018-04-18 09:31:44', '2018-04-18 09:31:44'),
(56, 'تعداد كل مرسولات پستي وارد شده از مبادي خارج از كشور', 16, '2018-04-18 09:31:44', '2018-04-18 09:31:44'),
(57, 'تعداد كل مرسولات پستي صادر شده به خارج  از كشور', 16, '2018-04-18 09:31:44', '2018-04-18 09:31:44'),
(58, 'تعداد كل مرسولات پستي صادر شده به مبادی داخل  كشور', 16, '2018-04-18 09:31:44', '2018-04-18 09:31:44'),
(59, 'تعداد کل مرسولات پستی وارد شده از مبادی داخل کشور', 16, '2018-04-18 09:31:44', '2018-04-18 09:31:44'),
(60, 'ميزان مصرف بنزين موتور', 10, '2018-04-18 09:31:44', '2018-04-18 09:31:44'),
(61, 'ميزان مصرف گاز مايع', 10, '2018-04-18 09:31:44', '2018-04-18 09:31:44'),
(62, 'ميزان مصرف نفت سفيد', 10, '2018-04-18 09:31:44', '2018-04-18 09:31:44'),
(63, 'ميزان مصرف نفت كوره', 10, '2018-04-18 09:31:44', '2018-04-18 09:31:44'),
(64, 'ميزان مصرف نفت گاز', 10, '2018-04-18 09:31:44', '2018-04-18 09:31:44'),
(65, 'ارزش کل معاملات سهام و حق تقدم', 3, '2018-04-18 09:31:44', '2018-04-18 09:31:44'),
(66, 'حجم سهام و حق تقدم معامله شده', 3, '2018-04-18 09:31:44', '2018-04-18 09:31:44'),
(67, 'تعداد کدهای معاملاتی ایجاد شده', 3, '2018-04-18 09:31:44', '2018-04-18 09:31:44'),
(68, 'تعداد کارگزاران', 3, '2018-04-18 09:31:44', '2018-04-18 09:31:44'),
(69, 'شرکت کنندگان در کلاس های آموزشی', 3, '2018-04-18 09:31:44', '2018-04-18 09:31:44'),
(70, 'نفر کیلومتر مسافر جابجا شده در حمل و نقل جاده ای ', 14, '2018-04-18 09:31:44', '2018-04-18 09:31:44'),
(71, 'تن کیلومتر بار حمل شده در حمل و نقل جاده ای ', 14, '2018-04-18 09:31:44', '2018-04-18 09:31:44'),
(72, 'تن کیلومتر کالای ترانزیت شده ', 14, '2018-04-18 09:31:44', '2018-04-18 09:31:44'),
(73, 'مقدار توليد گوشت قرمز', 21, '2018-04-18 09:31:44', '2018-04-18 09:31:44'),
(74, 'مقدار توليد شير', 21, '2018-04-18 09:31:44', '2018-04-18 09:31:44'),
(75, 'مقدار توليد گوشت مرغ', 21, '2018-04-18 09:31:44', '2018-04-18 09:31:44'),
(76, 'مقدار توليد تخم مرغ', 21, '2018-04-18 09:31:44', '2018-04-18 09:31:44'),
(77, 'مقدار مصرف داخلي گاز طبيعي', 11, '2018-04-18 09:31:44', '2018-04-18 09:31:44'),
(78, 'تعداد انشعاب‌هاي جديد نصب ‌شده‌ي ‌گاز', 11, '2018-04-18 09:31:44', '2018-04-18 09:31:44'),
(79, 'خانگي‌ و ‌تجاري', 11, '2018-04-18 09:31:44', '2018-04-18 09:31:44'),
(80, 'صنعتي', 11, '2018-04-18 09:31:44', '2018-04-18 09:31:44'),
(81, 'میزان تولید برنامه‌های رادیویی درون مرزی', 18, '2018-04-18 09:31:44', '2018-04-18 09:31:44'),
(82, 'مدت پخش برنامه‌های رادیویی', 18, '2018-04-18 09:31:44', '2018-04-18 09:31:44'),
(83, 'میزان تولید برنامه های تلویزیونی درون ', 18, '2018-04-18 09:31:44', '2018-04-18 09:31:44'),
(84, 'مدت پخش برنامه های تلویزیونی  ', 18, '2018-04-18 09:31:44', '2018-04-18 09:31:44'),
(85, 'تعداد زائرین حج تمتع ', 34, '2018-04-18 09:31:44', '2018-04-18 09:31:44'),
(86, 'تعداد زائرین عمره مفرده ', 34, '2018-04-18 09:31:44', '2018-04-18 09:31:44'),
(87, 'تعداد زائرين عتبات عاليات عراق', 34, '2018-04-18 09:31:44', '2018-04-18 09:31:44'),
(88, 'تعداد زائرین سوریه', 34, '2018-04-18 09:31:44', '2018-04-18 09:31:44'),
(89, 'طول شبکه توزیع نیروی برق', 9, '2018-04-18 09:31:44', '2018-04-18 09:31:44'),
(90, 'موجودی ظرفیت شبکه توزیع نیروی برق', 9, '2018-04-18 09:31:44', '2018-04-18 09:31:44'),
(91, 'کل مصرف نیروی برق', 9, '2018-04-18 09:31:44', '2018-04-18 09:31:44'),
(92, 'سهم بخش خانگی از مصرف نیروی برق', 9, '2018-04-18 09:31:44', '2018-04-18 09:31:44'),
(93, 'سهم بخش صنعت از مصرف نیروی برق', 9, '2018-04-18 09:31:44', '2018-04-18 09:31:44'),
(94, 'سهم بخش تجاری از مصرف نیروی برق', 9, '2018-04-18 09:31:44', '2018-04-18 09:31:44'),
(95, 'تعداد مشترکان برق', 9, '2018-04-18 09:31:44', '2018-04-18 09:31:44'),
(96, 'تعداد مشترکان برق خانگی', 9, '2018-04-18 09:31:44', '2018-04-18 09:31:44'),
(97, 'تعداد مشترکان برق عمومی', 9, '2018-04-18 09:31:44', '2018-04-18 09:31:44'),
(98, 'تعداد مشترک برق تجاری', 9, '2018-04-18 09:31:44', '2018-04-18 09:31:44'),
(99, 'تعداد مشترکان برق صنعتی', 9, '2018-04-18 09:31:44', '2018-04-18 09:31:44'),
(100, 'تعداد مشترکان برق کشاورزی', 9, '2018-04-18 09:31:44', '2018-04-18 09:31:44'),
(101, 'متوسط مصرف برق هر مشترک خانگی', 9, '2018-04-18 09:31:44', '2018-04-18 09:31:44'),
(102, 'درصد روستاهای دارای برق', 9, '2018-04-18 09:31:44', '2018-04-18 09:31:44'),
(103, 'مقدار تولید سیمان', 19, '2018-04-18 09:31:44', '2018-04-18 09:31:44'),
(104, 'مقدار تولید شمش آلومینیوم', 19, '2018-04-18 09:31:44', '2018-04-18 09:31:44'),
(105, 'مقدار تولید کاغذ', 19, '2018-04-18 09:31:44', '2018-04-18 09:31:44'),
(106, 'مقدار تولید محصولات فولادی ', 19, '2018-04-18 09:31:44', '2018-04-18 09:31:44'),
(107, 'مقدار تولید کاشی و چینی بهداشتی ', 19, '2018-04-18 09:31:44', '2018-04-18 09:31:44'),
(108, 'مقدار تولید انواع دارو', 19, '2018-04-18 09:31:44', '2018-04-18 09:31:44'),
(109, 'مقدار تولید پودر شوینده', 19, '2018-04-18 09:31:44', '2018-04-18 09:31:44'),
(110, 'مقدار تولید الیاف مصنوعی', 19, '2018-04-18 09:31:44', '2018-04-18 09:31:44'),
(111, 'تعداد جوازهای تاسیس صادر شده', 19, '2018-04-18 09:31:44', '2018-04-18 09:31:44'),
(112, 'میزان سرمایه گذاری جوازهای تاسیس  ', 19, '2018-04-18 09:31:44', '2018-04-18 09:31:44'),
(113, 'تعداد اشتغال جوازهای تاسیس', 19, '2018-04-18 09:31:44', '2018-04-18 09:31:44'),
(114, 'تعداد پروانه های بهره برداری صنعتی', 19, '2018-04-18 09:31:44', '2018-04-18 09:31:44'),
(115, 'میزان سرمایه گذاری پروانه های بهره برداری صنعتی', 19, '2018-04-18 09:31:44', '2018-04-18 09:31:44'),
(116, 'تعداد اشتغال پروانه های بهره برداری صنعتی  ', 19, '2018-04-18 09:31:44', '2018-04-18 09:31:44'),
(117, 'تعداد پروانه های بهره برداری معدن', 19, '2018-04-18 09:31:44', '2018-04-18 09:31:44'),
(118, 'میزان ظرفیت استخراج پروانه های بهره برداری معدن', 19, '2018-04-18 09:31:44', '2018-04-18 09:31:44'),
(119, 'میزان سرمایه گذاری پروانه های بهره برداری معدن', 19, '2018-04-18 09:31:44', '2018-04-18 09:31:44'),
(120, 'تعداد اشتغال پروانه های بهره برداری معدن', 19, '2018-04-18 09:31:44', '2018-04-18 09:31:44'),
(121, 'تعداد واحد صنفی', 20, '2018-04-18 09:31:44', '2018-04-18 09:31:44'),
(122, 'تعداد واحد های صنفی ایثارگری', 20, '2018-04-18 09:31:44', '2018-04-18 09:31:44'),
(123, 'تعداد واحد های صنفی مجهز به کارتخوان بانکی', 20, '2018-04-18 09:31:44', '2018-04-18 09:31:44'),
(124, 'تعداد واحد های صنفی مجهز به صندوق مکانیزه فروش', 20, '2018-04-18 09:31:44', '2018-04-18 09:31:44'),
(125, 'تعداد ثبت سفارش واردات', 20, '2018-04-18 09:31:44', '2018-04-18 09:31:44'),
(126, 'مبلغ ثبت سفارش واردات', 20, '2018-04-18 09:31:44', '2018-04-18 09:31:44'),
(127, 'صدور و تمدید کارت بازرگانی', 20, '2018-04-18 09:31:44', '2018-04-18 09:31:44'),
(128, 'تعداد بازرسی و نظارت از واحدهای صنفی', 20, '2018-04-18 09:31:44', '2018-04-18 09:31:44'),
(129, 'تعداد بازرسی و نظارت از واحدهای صنعتی و تولیدی', 20, '2018-04-18 09:31:44', '2018-04-18 09:31:44'),
(130, 'تعداد بازرسی و نظارت از واحدهای خدماتی دولتی', 20, '2018-04-18 09:31:44', '2018-04-18 09:31:44'),
(131, 'تعداد بازرسی و نظارت از واحدهای خدماتی  غیردولتی', 20, '2018-04-18 09:31:44', '2018-04-18 09:31:44'),
(132, 'تعداد بازرسی و نظارت بر شبکه توزیع کالاهای اساسی', 20, '2018-04-18 09:31:44', '2018-04-18 09:31:44'),
(133, 'تعداد پرونده متشکله تخلف صنفی', 20, '2018-04-18 09:31:44', '2018-04-18 09:31:44'),
(134, 'تعداد شکایات مردمی ثبت شده در سامانه 124', 20, '2018-04-18 09:31:44', '2018-04-18 09:31:44'),
(135, 'شاخص کل بهای کالا و خدمات مصرفی  ', 0, '2018-04-18 09:31:44', '2018-04-18 09:31:44'),
(136, 'شاخص کل بهای کالا و خدمات مصرفی  ', 0, '2018-04-18 09:31:44', '2018-04-18 09:31:44'),
(137, 'شاخص کل بهای کالا و خدمات مصرفی  ', 0, '2018-04-18 09:31:44', '2018-04-18 09:31:44'),
(138, 'شاخص کل بهای کالا و خدمات مصرفی', 0, '2018-04-18 09:31:44', '2018-04-18 09:31:44'),
(139, 'شاخص کل بهای کالا و خدمات مصرفی ', 0, '2018-04-18 09:31:44', '2018-04-18 09:31:44'),
(140, 'شاخص کل بهای کالا و خدمات مصرفی ', 0, '2018-04-18 09:31:44', '2018-04-18 09:31:44'),
(141, 'تعداد بیمه شدگان اصلی و تبعی تحت پوشش اداره کل تأمین اجتماعی ', 30, '2018-04-18 09:31:44', '2018-04-18 09:31:44'),
(142, 'تعداد مستمری بگیران اصلی و تبعی تحت پوشش اداره کل تأمین اجتماعی', 30, '2018-04-18 09:31:44', '2018-04-18 09:31:44'),
(143, 'تعداد بیمه شدگان آسیب دیده ناشی از کار منجر به فوت ', 30, '2018-04-18 09:31:44', '2018-04-18 09:31:44'),
(144, 'تعداد بیمه شدگان آسیب دیده ناشی از کار منجر به نقص عضو', 30, '2018-04-18 09:31:44', '2018-04-18 09:31:44'),
(145, 'تعداد کارگاه های تحت پوشش اداره کل تأمین اجتماعی (کارگاه های مطالباطی و پیمانکاری)', 30, '2018-04-18 09:31:44', '2018-04-18 09:31:44'),
(146, 'تعداد معاملات اموال منقول ثبت شده', 23, '2018-04-18 09:31:44', '2018-04-18 09:31:44'),
(147, 'تعداد معاملات اموال غير منقول ثبت شده', 23, '2018-04-18 09:31:44', '2018-04-18 09:31:44'),
(148, 'تعداد اسناد مالكيت صادر شده', 23, '2018-04-18 09:31:44', '2018-04-18 09:31:44'),
(149, 'تعداد شركت‌هاي تجاري و تعاوني ثبت شده', 23, '2018-04-18 09:31:44', '2018-04-18 09:31:44'),
(150, 'تعداد شركت‌هاي تجاري و تعاوني منحل شده', 23, '2018-04-18 09:31:44', '2018-04-18 09:31:44'),
(151, 'درامدهاي مالياتي', 4, '2018-04-18 09:31:44', '2018-04-18 09:31:44'),
(152, 'ماليات هاي مستقيم', 4, '2018-04-18 09:31:44', '2018-04-18 09:31:44'),
(153, 'سهم ماليات‌هاي مستقيم در درآمدهاي مالياتي', 4, '2018-04-18 09:31:44', '2018-04-18 09:31:44'),
(154, 'سهم ماليات‌ برثروت در ماليات هاي مستقيم', 4, '2018-04-18 09:31:44', '2018-04-18 09:31:44'),
(155, 'سهم ماليات‌ بردرآمد در ماليات هاي مستقيم', 4, '2018-04-18 09:31:44', '2018-04-18 09:31:44'),
(156, 'سهم ماليات‌ بر شركت ها در ماليات هاي مستقيم', 4, '2018-04-18 09:31:44', '2018-04-18 09:31:44'),
(157, 'ماليات هاي غير مستقيم', 4, '2018-04-18 09:31:44', '2018-04-18 09:31:44'),
(158, 'سهم ماليات‌هاي غير مستقيم در درآمدهاي مالياتي', 4, '2018-04-18 09:31:44', '2018-04-18 09:31:44'),
(159, 'سهم ماليات بر كالاها و خدمات در ماليات‌هاي غير مستقيم', 4, '2018-04-18 09:31:44', '2018-04-18 09:31:44'),
(160, 'سهم ماليات بر واردات در ماليات هاي غير مستقيم', 4, '2018-04-18 09:31:44', '2018-04-18 09:31:44'),
(161, 'تعداد تصادفات برون‌شهري', 24, '2018-04-18 09:31:44', '2018-04-18 09:31:44'),
(162, 'تعداد تلفات انساني ‌‌در تصادفات برون‌شهري', 24, '2018-04-18 09:31:44', '2018-04-18 09:31:44'),
(163, 'تعداد ‌مجروحان‌در تصادفات برون‌شهري', 24, '2018-04-18 09:31:44', '2018-04-18 09:31:44'),
(164, 'تعداد تصادفات درون‌شهري', 24, '2018-04-18 09:31:44', '2018-04-18 09:31:44'),
(165, 'تعداد تلفات انساني در تصادفات درون‌شهري', 24, '2018-04-18 09:31:44', '2018-04-18 09:31:44'),
(166, 'تعداد مجروحان در تصادفات درون‌شهري', 24, '2018-04-18 09:31:44', '2018-04-18 09:31:44'),
(167, 'تعداد انواع وسایل نقلیه موتوری شماره گذاری شده', 24, '2018-04-18 09:31:44', '2018-04-18 09:31:44'),
(168, 'مقدار مواد مخدر کشف شده توسط نیروی انتظامی در استان', 24, '2018-04-18 09:31:44', '2018-04-18 09:31:44'),
(169, 'سپرده هاي بخش غيردولتي نزد بانك ها ', 2, '2018-04-18 09:31:44', '2018-04-18 09:31:44'),
(170, 'ديداري', 2, '2018-04-18 09:31:44', '2018-04-18 09:31:44'),
(171, 'غير ديداري', 2, '2018-04-18 09:31:44', '2018-04-18 09:31:44'),
(172, 'قرض الحسنه پس انداز', 2, '2018-04-18 09:31:44', '2018-04-18 09:31:44'),
(173, 'سرمايه گذاري مدت دار', 2, '2018-04-18 09:31:44', '2018-04-18 09:31:44'),
(174, 'كوتاه مدت', 2, '2018-04-18 09:31:44', '2018-04-18 09:31:44'),
(175, 'بلند مدت', 2, '2018-04-18 09:31:44', '2018-04-18 09:31:44'),
(176, 'سایر سپرده ها ', 2, '2018-04-18 09:31:44', '2018-04-18 09:31:44'),
(177, 'تعداد ازدواج ثبت شده', 7, '2018-04-18 09:31:44', '2018-04-18 09:31:44'),
(178, 'تعداد طلاق ثبت شده', 7, '2018-04-18 09:31:44', '2018-04-18 09:31:44'),
(179, 'تعداد ولادت ثبت شده', 7, '2018-04-18 09:31:44', '2018-04-18 09:31:44'),
(180, 'تعداد فوت ثبت شده', 7, '2018-04-18 09:31:44', '2018-04-18 09:31:44'),
(181, 'حق بیمه دریافتی شرکت های بیمه استان ', 5, '2018-04-18 09:31:44', '2018-04-18 09:31:44'),
(182, 'خسارت پرداختی شرکت های بیمه استان ', 5, '2018-04-18 09:31:44', '2018-04-18 09:31:44'),
(183, 'حق بیمه سرانه در استان ', 5, '2018-04-18 09:31:44', '2018-04-18 09:31:44'),
(184, 'دریافتی بیمه شخص ثالث', 5, '2018-04-18 09:31:44', '2018-04-18 09:31:44'),
(185, 'پرداختی بیمه شخص ثالث', 5, '2018-04-18 09:31:44', '2018-04-18 09:31:44'),
(186, 'دریافتی بیمه بدنه اتومبیل ', 5, '2018-04-18 09:31:44', '2018-04-18 09:31:44'),
(187, 'پرداختی بیمه بدنه اتومبیل ', 5, '2018-04-18 09:31:44', '2018-04-18 09:31:44'),
(188, 'دریافتی بیمه درمانی ', 5, '2018-04-18 09:31:44', '2018-04-18 09:31:44'),
(189, 'پرداختی بیمه درمانی ', 5, '2018-04-18 09:31:44', '2018-04-18 09:31:44'),
(190, 'دریافتی بیمه اتیش سوزی ', 5, '2018-04-18 09:31:44', '2018-04-18 09:31:44'),
(191, 'پرداختی بیمه اتیش سوزی ', 5, '2018-04-18 09:31:44', '2018-04-18 09:31:44'),
(192, 'دریافتی بیمه مسئولیت ', 5, '2018-04-18 09:31:44', '2018-04-18 09:31:44'),
(193, 'پرداختی بیمه مسئولیت ', 5, '2018-04-18 09:31:44', '2018-04-18 09:31:44'),
(194, 'دریافتی بیمه زندگی ', 5, '2018-04-18 09:31:44', '2018-04-18 09:31:44'),
(195, 'پرداختی بیمه زندگی ', 5, '2018-04-18 09:31:44', '2018-04-18 09:31:44'),
(196, 'دریافتی بیمه مهندسی ', 5, '2018-04-18 09:31:44', '2018-04-18 09:31:44'),
(197, 'پرداختی بیمه مهندسی ', 5, '2018-04-18 09:31:44', '2018-04-18 09:31:44'),
(198, 'دریافتی بیمه باربری ', 5, '2018-04-18 09:31:44', '2018-04-18 09:31:44'),
(199, 'پرداختی بیمه باربری ', 5, '2018-04-18 09:31:44', '2018-04-18 09:31:44'),
(200, 'دریافتی بیمه حوادث سرنشین ', 5, '2018-04-18 09:31:44', '2018-04-18 09:31:44'),
(201, 'پرداختی بیمه حوادث سرنشین ', 5, '2018-04-18 09:31:44', '2018-04-18 09:31:44'),
(202, 'دریافتی بیمه حوادث', 5, '2018-04-18 09:31:44', '2018-04-18 09:31:44'),
(203, 'پرداختی بیمه حوادث', 5, '2018-04-18 09:31:44', '2018-04-18 09:31:44'),
(204, 'تعداد بيمه‌شدگان اصلي و تبعی تحت پوشش اداره كل بیمه سلامت', 29, '2018-04-18 09:31:44', '2018-04-18 09:31:44'),
(205, 'تعداد بیمه شدگان کارکنان دولت', 29, '2018-04-18 09:31:44', '2018-04-18 09:31:44'),
(206, 'تعداد بیمه شدگان ایرانیان', 29, '2018-04-18 09:31:44', '2018-04-18 09:31:44'),
(207, 'تعداد بیمه شدگان روستایی', 29, '2018-04-18 09:31:44', '2018-04-18 09:31:44'),
(208, 'تعداد بیمه شدگان سایر اقشار', 29, '2018-04-18 09:31:44', '2018-04-18 09:31:44'),
(209, 'نرخ مشاركت اقتصادي (نرخ فعاليت)', 6, '2018-04-18 09:31:44', '2018-04-18 09:31:44'),
(210, 'نرخ مشاركت اقتصادي مردان', 6, '2018-04-18 09:31:44', '2018-04-18 09:31:44'),
(211, 'نرخ مشاركت اقتصادي زنان', 6, '2018-04-18 09:31:44', '2018-04-18 09:31:44'),
(212, 'نرخ مشاركت اقتصادي مناطق شهری', 6, '2018-04-18 09:31:44', '2018-04-18 09:31:44'),
(213, 'نرخ مشاركت اقتصادي مناطق روستایی', 6, '2018-04-18 09:31:44', '2018-04-18 09:31:44'),
(214, 'نرخ بيكاري کل', 6, '2018-04-18 09:31:44', '2018-04-18 09:31:44'),
(215, 'نرخ بيكاري زنان', 6, '2018-04-18 09:31:44', '2018-04-18 09:31:44'),
(216, 'نرخ بيكاري مردان', 6, '2018-04-18 09:31:44', '2018-04-18 09:31:44'),
(217, 'نرخ بيكاري مناطق شهري', 6, '2018-04-18 09:31:44', '2018-04-18 09:31:44'),
(218, 'نرخ بيكاري مناطق روستايي', 6, '2018-04-18 09:31:44', '2018-04-18 09:31:44'),
(219, 'نرخ بيكاري جوانان (24- 15ساله) ', 6, '2018-04-18 09:31:44', '2018-04-18 09:31:44'),
(220, 'سهم اشتغال ناقص', 6, '2018-04-18 09:31:44', '2018-04-18 09:31:44'),
(221, 'سهم شاغلان در بخش كشاورزي', 6, '2018-04-18 09:31:44', '2018-04-18 09:31:44'),
(222, 'سهم شاغلان در بخش صنعت', 6, '2018-04-18 09:31:44', '2018-04-18 09:31:44'),
(223, 'سهم شاغلان در بخش خدمات', 6, '2018-04-18 09:31:44', '2018-04-18 09:31:44'),
(224, 'سهم شاغلان بخش عمومی از كل شاغلان', 6, '2018-04-18 09:31:44', '2018-04-18 09:31:44'),
(225, 'سهم شاغلان بخش خصوصي از كل شاغلان', 6, '2018-04-18 09:31:44', '2018-04-18 09:31:44'),
(226, 'تعداد كل زندانيان استان', 36, '2018-04-18 09:31:44', '2018-04-18 09:31:44'),
(227, 'درصد زندانيان مرد ', 36, '2018-04-18 09:31:44', '2018-04-18 09:31:44'),
(228, 'درصد زندانيان زن ', 36, '2018-04-18 09:31:44', '2018-04-18 09:31:44'),
(229, 'درصد زندانيان كمتر از 19سال به‌ كل زندانيان', 36, '2018-04-18 09:31:44', '2018-04-18 09:31:44'),
(230, 'درصد زندانيان گروه سني 25-19 سال ', 36, '2018-04-18 09:31:44', '2018-04-18 09:31:44'),
(231, 'درصد زندانيان گروه سني بالاتر از 26 سال', 36, '2018-04-18 09:31:44', '2018-04-18 09:31:44'),
(232, 'درصد زندانيان بي‌سواد ', 36, '2018-04-18 09:31:44', '2018-04-18 09:31:44'),
(233, 'درصد زندانيان‌ داراي‌ تحصيلات ‌بالاتر ‌از ‌ديپلم ', 36, '2018-04-18 09:31:44', '2018-04-18 09:31:44'),
(234, 'درصد زندانيان‌ سایر تحصيلات ', 36, '2018-04-18 09:31:44', '2018-04-18 09:31:44');

--
-- Triggers `row_title`
--
DELIMITER $$
CREATE TRIGGER `row_title_before_insert_created_date` BEFORE INSERT ON `row_title` FOR EACH ROW BEGIN
  SET NEW.created_date = CURRENT_TIMESTAMP;
END
$$
DELIMITER ;

-- --------------------------------------------------------

--
-- Table structure for table `unit`
--

CREATE TABLE `unit` (
  `id` int(11) NOT NULL,
  `name` varchar(50) COLLATE utf8_unicode_ci DEFAULT NULL,
  `created_date` timestamp NULL DEFAULT NULL,
  `modified_date` timestamp NOT NULL DEFAULT CURRENT_TIMESTAMP ON UPDATE CURRENT_TIMESTAMP
) ENGINE=InnoDB DEFAULT CHARSET=utf8 COLLATE=utf8_unicode_ci;

--
-- Dumping data for table `unit`
--

INSERT INTO `unit` (`id`, `name`, `created_date`, `modified_date`) VALUES
(1, 'باب', '2018-04-18 08:16:56', '2018-04-18 08:16:56'),
(2, 'عدد', '2018-04-18 08:16:56', '2018-04-18 08:16:56'),
(3, 'هزار نفر', '2018-04-18 08:16:56', '2018-06-11 05:04:17'),
(4, 'نفر', '2018-04-18 08:16:56', '2018-04-18 08:16:56'),
(5, 'خانوار', '2018-04-18 08:16:56', '2018-04-18 08:16:56'),
(6, 'عنوان', '2018-04-18 08:16:56', '2018-04-18 08:16:56'),
(7, 'هزار نسخه', '2018-04-18 08:16:56', '2018-04-18 08:16:56'),
(8, 'میلیون نسخه', '2018-04-18 08:16:56', '2018-04-18 08:16:56'),
(9, 'تعداد', '2018-04-18 08:16:56', '2018-04-18 08:16:56'),
(10, 'انشعاب', '2018-04-18 08:16:56', '2018-04-18 08:16:56'),
(11, 'هزار مترمكعب', '2018-04-18 08:16:56', '2018-04-21 03:13:03'),
(12, 'كيلومتر', '2018-04-18 08:16:56', '2018-04-18 08:16:56'),
(13, 'مترمکعب', '2018-04-18 08:16:56', '2018-04-18 08:16:56'),
(14, 'تن', '2018-04-18 08:16:56', '2018-04-18 08:16:56'),
(15, 'ميليارد ريال', '2018-04-18 08:16:56', '2018-04-18 08:16:56'),
(16, 'میلیون سهم', '2018-04-18 08:16:56', '2018-04-18 08:16:56'),
(17, 'هزار نفر/کیلومتر', '2018-04-18 08:16:56', '2018-04-21 03:16:18'),
(18, 'هزار تن/کیلومتر', '2018-04-18 08:16:56', '2018-04-21 03:16:52'),
(19, 'میلیون متر مکعب', '2018-04-18 08:16:56', '2018-04-18 08:16:56'),
(20, 'انشعابات', '2018-04-18 08:16:56', '2018-06-11 08:26:28'),
(21, 'هزار مترمربع', '2018-04-18 08:16:56', '2018-04-18 08:16:56'),
(22, 'فقره', '2018-04-18 08:16:56', '2018-04-18 08:16:56'),
(23, 'هزار تن', '2018-04-18 08:16:56', '2018-04-18 08:16:56'),
(24, 'میلیون دلار', '2018-04-18 08:16:56', '2018-04-18 08:16:56'),
(25, 'کارگاه', '2018-04-18 08:16:56', '2018-04-18 08:16:56'),
(26, 'میلیون ریال', '2018-04-18 08:16:56', '2018-04-18 08:16:56'),
(27, 'درصد', '2018-04-18 08:16:56', '2018-04-18 08:16:56'),
(28, 'کیلوگرم', '2018-04-18 08:16:56', '2018-04-18 08:16:56'),
(29, 'رويداد', '2018-04-18 08:16:56', '2018-04-18 08:16:56'),
(30, 'دستگاه', '2018-04-30 11:01:28', '2018-04-30 11:01:28'),
(31, 'هزار شماره', '2018-05-05 07:30:50', '2018-05-05 07:30:50'),
(32, 'روستا', '2018-05-06 07:22:21', '2018-05-06 07:22:21'),
(33, 'دفتر', '2018-05-06 07:22:21', '2018-05-06 07:22:21'),
(34, 'مخابرات', '2018-05-06 07:22:21', '2018-05-06 07:22:21'),
(35, 'به ازای هر 100 نفر - درصد ', '2018-05-06 07:22:21', '2018-05-06 07:22:21'),
(36, 'ساعت', '2018-05-06 07:22:21', '2018-05-06 07:22:21'),
(37, 'مگاولت‌آمپر', '2018-05-06 07:22:21', '2018-05-06 07:22:21'),
(38, 'میلیون کیلووات ساعت ', '2018-05-06 07:22:21', '2018-05-06 07:22:21'),
(39, 'مشترک ', '2018-05-06 07:22:21', '2018-05-06 07:22:21'),
(40, 'کیلووات ساعت ', '2018-05-06 07:22:21', '2018-05-06 07:22:21');

--
-- Triggers `unit`
--
DELIMITER $$
CREATE TRIGGER `unit_before_insert_created_date` BEFORE INSERT ON `unit` FOR EACH ROW BEGIN
  SET NEW.created_date = CURRENT_TIMESTAMP;
END
$$
DELIMITER ;

--
-- Indexes for dumped tables
--

--
-- Indexes for table `admin`
--
ALTER TABLE `admin`
  ADD PRIMARY KEY (`username`);

--
-- Indexes for table `column_title`
--
ALTER TABLE `column_title`
  ADD PRIMARY KEY (`id`);

--
-- Indexes for table `indicator`
--
ALTER TABLE `indicator`
  ADD PRIMARY KEY (`id`),
  ADD KEY `row_title_id` (`row_title_id`),
  ADD KEY `col_title_id` (`col_title_id`),
  ADD KEY `table_name` (`table_name`),
  ADD KEY `unit_id` (`unit_id`),
  ADD KEY `mark_id` (`mark_id`);

--
-- Indexes for table `indicator_table`
--
ALTER TABLE `indicator_table`
  ADD PRIMARY KEY (`id`),
  ADD KEY `parent_id` (`parent_id`);

--
-- Indexes for table `keys`
--
ALTER TABLE `keys`
  ADD PRIMARY KEY (`id`);

--
-- Indexes for table `marks`
--
ALTER TABLE `marks`
  ADD PRIMARY KEY (`id`);

--
-- Indexes for table `row_title`
--
ALTER TABLE `row_title`
  ADD PRIMARY KEY (`id`),
  ADD KEY `indicator_category_id` (`indicator_table_id`);

--
-- Indexes for table `unit`
--
ALTER TABLE `unit`
  ADD PRIMARY KEY (`id`);

--
-- AUTO_INCREMENT for dumped tables
--

--
-- AUTO_INCREMENT for table `column_title`
--
ALTER TABLE `column_title`
  MODIFY `id` int(11) NOT NULL AUTO_INCREMENT, AUTO_INCREMENT=19;

--
-- AUTO_INCREMENT for table `indicator`
--
ALTER TABLE `indicator`
  MODIFY `id` int(11) NOT NULL AUTO_INCREMENT, AUTO_INCREMENT=511;

--
-- AUTO_INCREMENT for table `indicator_table`
--
ALTER TABLE `indicator_table`
  MODIFY `id` int(11) NOT NULL AUTO_INCREMENT, AUTO_INCREMENT=38;

--
-- AUTO_INCREMENT for table `keys`
--
ALTER TABLE `keys`
  MODIFY `id` int(11) NOT NULL AUTO_INCREMENT, AUTO_INCREMENT=6;

--
-- AUTO_INCREMENT for table `marks`
--
ALTER TABLE `marks`
  MODIFY `id` int(11) NOT NULL AUTO_INCREMENT, AUTO_INCREMENT=10;

--
-- AUTO_INCREMENT for table `row_title`
--
ALTER TABLE `row_title`
  MODIFY `id` int(11) NOT NULL AUTO_INCREMENT, AUTO_INCREMENT=235;

--
-- AUTO_INCREMENT for table `unit`
--
ALTER TABLE `unit`
  MODIFY `id` int(11) NOT NULL AUTO_INCREMENT, AUTO_INCREMENT=41;

--
-- Constraints for dumped tables
--

--
-- Constraints for table `indicator`
--
ALTER TABLE `indicator`
  ADD CONSTRAINT `indicator_ibfk_1` FOREIGN KEY (`table_name`) REFERENCES `indicator_table` (`id`) ON DELETE NO ACTION ON UPDATE NO ACTION,
  ADD CONSTRAINT `indicator_ibfk_2` FOREIGN KEY (`mark_id`) REFERENCES `marks` (`id`),
  ADD CONSTRAINT `indicator_ibfk_3` FOREIGN KEY (`row_title_id`) REFERENCES `row_title` (`id`),
  ADD CONSTRAINT `indicator_ibfk_4` FOREIGN KEY (`col_title_id`) REFERENCES `column_title` (`id`),
  ADD CONSTRAINT `indicator_ibfk_5` FOREIGN KEY (`unit_id`) REFERENCES `unit` (`id`);

--
-- Constraints for table `row_title`
--
ALTER TABLE `row_title`
  ADD CONSTRAINT `row_title_ibfk_1` FOREIGN KEY (`indicator_table_id`) REFERENCES `indicator_table` (`id`);
COMMIT;

/*!40101 SET CHARACTER_SET_CLIENT=@OLD_CHARACTER_SET_CLIENT */;
/*!40101 SET CHARACTER_SET_RESULTS=@OLD_CHARACTER_SET_RESULTS */;
/*!40101 SET COLLATION_CONNECTION=@OLD_COLLATION_CONNECTION */;
